ID,class
1,3.9883997925370534e-07
2,1.3273296669740776e-08
3,7.110115321171189e-10
4,7.684034992409931e-06
5,7.812642626563598e-08
6,1.6237196726640181e-09
7,3.925120904028845e-06
8,0.0020583707509350996
9,1.7710494258470915e-09
10,4.364702117532071e-07
11,2.6922372339582954e-05
12,3.412543538902828e-07
13,1.9504987917973994e-09
14,1.6287171051353733e-06
15,1.3515627995803307e-07
16,3.88746073130646e-06
17,0.0033722342760745165
18,5.568101785416142e-09
19,5.477158897058561e-09
20,0.9540210829835309
21,5.067852333141267e-10
22,0.00019601703468066848
23,0.05722833682837667
24,1.050088076933844e-08
25,7.529677526076116e-07
26,2.105353054245096e-10
27,5.431407187976085e-10
28,6.697901181973854e-07
29,3.983855090042009e-07
30,1.1056528337312763e-09
31,1.3988043250989026e-08
32,1.6430362588188928e-06
33,2.813395495817116e-07
34,0.002946065593099467
35,5.0262227162829e-09
36,8.454247805906787e-06
37,2.1521400154289526e-08
38,3.368982030135402e-05
39,1.852307687957416e-09
40,1.1099069531662882e-09
41,1.3440658733144998e-07
42,2.027412943816341e-07
43,1.3722580694183817e-05
44,0.0014035404204770314
45,2.472883004314161e-10
46,0.03319512115885463
47,3.45786595412223e-06
48,5.486342704842681e-05
49,2.7036090790921137e-08
50,5.471587679663062e-12
51,8.394498006591482e-07
52,3.905211833564689e-08
53,1.4182968065917229e-08
54,9.827025610479706e-10
55,4.0360601216395375e-07
56,3.152272235076279e-08
57,6.678369254993446e-10
58,1.1970918835639785e-09
59,7.022772794784266e-07
60,1.3787912596411076e-08
61,9.50080447546019e-10
62,1.7606273856133197e-07
63,3.069578535599027e-08
64,5.470968707758689e-09
65,2.6715625780384903e-08
66,4.5471855668560825e-07
67,3.5626827386161063e-09
68,2.548755039655421e-10
69,9.176243135680667e-11
70,5.343118130567676e-09
71,2.9814280244186223e-06
72,0.0010203014903935556
73,3.4851534838110645e-07
74,1.2150490454046324e-08
75,2.9839270222013515e-07
76,0.0003292855302988061
77,5.022209778700141e-10
78,3.182344314084235e-08
79,5.778656489615215e-06
80,3.652412010147793e-07
81,8.668293077791324e-08
82,1.6452710687965433e-09
83,1.6397625455587677e-08
84,6.020821810662705e-06
85,1.1245082400639665e-07
86,2.1229047684795463e-07
87,1.677583220960823e-08
88,1.493097709035715e-05
89,5.246913760132388e-06
90,8.77712300744898e-06
91,4.249843341048319e-09
92,6.060299497722688e-11
93,9.98956776705502e-05
94,3.9618034347114444e-11
95,1.453651458664221e-06
96,1.0316577258068442e-10
97,6.292032425965725e-09
98,1.266169621040017e-07
99,1.0888567872372007e-07
100,1.834260867376858e-08
101,3.722802121900606e-12
102,6.76175545124645e-07
103,7.640385251300169e-05
104,8.10722005694718e-09
105,2.3300087230771497e-10
106,2.2155027545813192e-08
107,8.159152799017475e-07
108,1.1481894062088213e-06
109,2.4189146809799732e-06
110,1.5053169674001464e-10
111,1.5914875724755034e-05
112,3.4315555310655425e-09
113,7.30453912411671e-07
114,0.012640289147124345
115,9.29673816354062e-10
116,3.834077156104637e-08
117,0.00014701974820809582
118,4.210557999696997e-08
119,2.1183415598543515e-11
120,1.0114722436822183e-06
121,3.1704819823170323e-10
122,4.6847390081198495e-06
123,0.00046880548176717084
124,2.725670085742136e-06
125,1.451455497409726e-08
126,7.739296346962834e-10
127,8.579551555992948e-07
128,2.1985448004851373e-08
129,2.9008460535539306e-09
130,1.8473043047454134e-08
131,0.6518028321336213
132,4.842504165267644e-09
133,7.029830447398934e-09
134,1.549281777362969e-09
135,2.9235446101441723e-05
136,0.0009129737398547975
137,4.7261005031437487e-07
138,7.176817734557078e-07
139,4.674190121867765e-08
140,6.868816252870426e-09
141,1.1321079166114546e-08
142,3.720468269204359e-07
143,1.3048412413218766e-08
144,6.007572509723947e-05
145,2.0870405306912347e-10
146,1.5922495827755254e-06
147,0.0009692480330220566
148,5.2530682954383443e-11
149,2.3824679151019298e-05
150,8.284289204155576e-09
151,1.8932745804932948e-07
152,6.932787728177299e-11
153,1.737466431947966e-09
154,8.301020721075523e-08
155,1.7584470229774807e-07
156,1.774586349410299e-08
157,1.1990594969102337e-08
158,5.365981600977631e-06
159,2.396192925613972e-06
160,3.547884427020548e-09
161,1.730112674368612e-07
162,0.07203586981355489
163,2.4773758814301456e-06
164,5.781436067144938e-07
165,1.3139262158438501e-05
166,8.981581992485085e-09
167,1.0387113119330129e-06
168,4.358161422968204e-12
169,1.1087008030807646e-07
170,5.935414734346309e-11
171,3.9164258514880435e-09
172,0.0013782873380177615
173,8.65599587064849e-09
174,0.24688380174171654
175,0.008167090067354733
176,5.80283934111652e-09
177,2.5799671999834715e-10
178,9.078913416619934e-10
179,1.7557373925601106e-08
180,4.605774487644869e-09
181,4.688189799795529e-06
182,4.592160798984277e-11
183,0.00011654033216227795
184,2.128635052280745e-08
185,6.415959010278932e-09
186,8.929595447706987e-08
187,1.5681832929014934e-09
188,2.404783006057939e-09
189,6.446725894178852e-12
190,3.3446711846196265e-05
191,1.922448273920705e-07
192,1.0541619487143112e-06
193,0.009278012214717878
194,3.536014728455407e-07
195,2.829056045292916e-10
196,2.5959322886022483e-10
197,0.010286856278209655
198,6.970925845245113e-09
199,2.573105281037808e-09
200,7.059310555193246e-05
201,3.773280700651401e-07
202,1.269457698760467e-05
203,3.9045271973665174e-08
204,0.00016208897187134868
205,1.4074836579846414e-07
206,1.0240915022778657e-06
207,6.728407443007456e-08
208,1.772164258913701e-09
209,2.7348542150481087e-05
210,9.24527978800769e-05
211,6.885650109322125e-11
212,2.996782917446218e-10
213,1.3651542514148067e-09
214,0.00018996504782643604
215,2.3717832733164807e-05
216,2.595839475405969e-09
217,4.3181910695937355e-06
218,1.0135390797524407e-08
219,5.335073688685532e-10
220,8.698653721767849e-08
221,1.6121753237606216e-08
222,2.9485485396013182e-06
223,7.988628429650997e-11
224,1.4261245265559326e-07
225,4.926627389825026e-07
226,1.6611948193818603e-07
227,2.622160015544029e-06
228,4.47983324898758e-08
229,7.709891334424459e-13
230,0.0003898950077207037
231,0.9902458183913101
232,3.268448728554513e-09
233,1.89460540864938e-08
234,9.050186764886761e-10
235,8.17547612100402e-12
236,1.8073417825215976e-06
237,1.506323746092323e-10
238,2.0191068839556533e-07
239,8.356186747384144e-05
240,2.1736175439183675e-07
241,5.328713293112289e-05
242,1.246973005711437e-08
243,3.0498918615886306e-08
244,2.3050602581758604e-06
245,2.599012485619677e-07
246,2.9646027552282215e-09
247,0.0005243461163766574
248,2.4022254604988583e-05
249,2.183950938565717e-05
250,9.679001996139124e-06
251,7.530247369199679e-11
252,2.260247447550047e-05
253,4.120948061551351e-11
254,2.7230672058235457e-06
255,1.323416706154942e-07
256,1.175621892891701e-09
257,3.1616806512110234e-09
258,0.0024295568249116254
259,8.904680936507437e-10
260,1.6966771877258914e-09
261,2.109798749813062e-10
262,3.780133277572618e-07
263,2.7420256589645657e-10
264,2.617759995222269e-07
265,5.642136217660818e-06
266,0.0035543884224975334
267,4.174870221487946e-09
268,6.009271872524959e-10
269,0.02758375611087709
270,1.2255910582922609e-09
271,1.2345113321709143e-09
272,1.4074640314541368e-08
273,1.1146043130007115e-05
274,1.322114951416077e-06
275,9.50635961035729e-10
276,6.208886173710674e-06
277,6.535757058463667e-09
278,1.6702601546874422e-06
279,3.3719510196417097e-09
280,6.363746046290959e-07
281,3.0586569600475344e-12
282,3.3007817377033487e-05
283,9.002887048782592e-07
284,1.0845798200531908e-05
285,1.0608408480479626e-07
286,2.1263457081498736e-07
287,0.0006898331161696908
288,4.0246754374543615e-06
289,3.226188745606852e-05
290,3.0446852325308727e-07
291,7.096276920082038e-09
292,1.0408789509968203e-07
293,4.778217344784474e-07
294,6.5406637074125835e-06
295,6.875921706093449e-09
296,1.5045214777529365e-10
297,7.766774374712004e-08
298,4.334434606895568e-09
299,1.985321206072597e-06
300,5.037767516174421e-07
301,3.085711653212882e-07
302,4.7394490743157064e-11
303,1.20284147874515e-07
304,1.2187861434270733e-08
305,2.175422060085952e-08
306,1.0075200809463195e-07
307,8.338310384741263e-08
308,7.195938212801772e-10
309,1.0497736148713567e-05
310,1.8984349813374636e-08
311,1.7340202606375642e-11
312,5.346087734261701e-07
313,1.563085663056443e-05
314,2.2691308962712136e-10
315,8.485550369482848e-08
316,1.193285865679505e-09
317,7.499696368322374e-08
318,1.0356463585561685e-06
319,8.149135357282064e-08
320,1.5153385012984707e-10
321,6.9730115497175064e-09
322,5.535368734655377e-10
323,8.32399990597566e-07
324,5.9969109531931976e-06
325,1.6013482982615118e-05
326,1.7740508218235569e-06
327,2.8096198098104898e-11
328,2.0587858712895593e-06
329,8.753411260062683e-08
330,2.4707959961216976e-07
331,5.318321969855035e-10
332,3.194808173461928e-07
333,7.5054654985451e-06
334,2.7491128257015148e-05
335,0.00014999395450727109
336,5.68917490023991e-09
337,2.785275991774416e-11
338,2.717178773019063e-09
339,8.915556724149989e-05
340,1.4255533115348525e-08
341,1.740612178259224e-08
342,1.6109361295640935e-05
343,1.0952670670206955e-07
344,1.4271559499379166e-09
345,5.999442866382332e-06
346,0.018174901351465662
347,0.0001473996566956919
348,7.496567470874611e-07
349,4.853821281703955e-09
350,1.670188392105191e-08
351,2.2830298598799478e-11
352,0.005940261688885995
353,0.5000600760334676
354,0.00012212035095414577
355,4.055490564351572e-07
356,6.284789108170837e-10
357,6.768495244971841e-07
358,6.157215082919656e-09
359,5.407245545491455e-05
360,0.08820929237600506
361,5.225437307581745e-07
362,7.171105455837504e-10
363,2.546274787255929e-10
364,5.92563232480843e-10
365,0.00033604263224037967
366,8.025764039254055e-05
367,2.0882813350531008e-10
368,8.326497663420255e-05
369,9.562822088962643e-07
370,2.310293355856171e-09
371,0.012226757929137234
372,2.0250829155267184e-06
373,3.0601641281506343e-07
374,2.428563784513852e-08
375,9.18018255904222e-09
376,5.3243293456901556e-08
377,1.6485279630223698e-09
378,1.6759747928913125e-08
379,2.1199022522943082e-09
380,5.874874111867532e-07
381,2.103966268395305e-09
382,2.146902585724491e-05
383,1.3456570416894483e-09
384,1.7135858739834067e-10
385,1.0753924186829338e-05
386,5.558207184383696e-09
387,5.45544610957485e-07
388,2.980314722251245e-08
389,2.3281487115198834e-06
390,2.475865780255677e-05
391,8.582099062849683e-09
392,7.53728478807861e-11
393,7.344939597645223e-10
394,5.683907998513197e-09
395,1.0920536634708306e-05
396,2.0469312738652395e-07
397,8.202144808391499e-08
398,0.09669460091996777
399,1.3336483896926752e-05
400,0.00018242310078903326
401,4.047496366726085e-09
402,7.275226431928836e-10
403,3.406599318575822e-08
404,2.8628921792879152e-06
405,7.940415911231982e-07
406,0.0004273179109294537
407,3.335417376178175e-08
408,5.194807846920841e-07
409,0.011268447435720563
410,4.861110584267902e-05
411,4.737548433010054e-07
412,6.559996035411045e-09
413,3.323831169260852e-08
414,1.6101834185202256e-09
415,0.0011902489714716354
416,6.487727874347837e-09
417,1.5793580651810555e-08
418,4.048343948620298e-09
419,1.1513647885921068e-07
420,4.677212936450656e-06
421,5.813154449408195e-07
422,6.255924798305177e-10
423,1.6629517507853856e-07
424,7.263794094281931e-08
425,2.343823963160525e-10
426,0.0006525017062398834
427,2.6920057298084696e-11
428,5.2457552875451374e-09
429,2.4586281393350096e-08
430,6.762476274892914e-05
431,5.264043436293946e-08
432,4.8780376642534026e-08
433,4.990116638200474e-09
434,0.0003671027326885662
435,1.3568079671112462e-07
436,1.720193289552952e-06
437,0.0008127471518492643
438,8.437208387016073e-09
439,3.8150570632176375e-07
440,4.323001969879644e-11
441,6.053934861692599e-07
442,5.640612278602479e-10
443,4.588021386400708e-11
444,1.0963296362339127e-05
445,3.0051501830093744e-06
446,4.1574189379537077e-11
447,1.1155788879726845e-06
448,1.4826067286748153e-08
449,5.009057392324044e-10
450,0.0010188990436746045
451,5.606676743920129e-05
452,0.5578496163245189
453,6.395601039805782e-08
454,1.707869011454438e-07
455,4.685491843793492e-10
456,4.721842600413356e-09
457,7.067782254702468e-10
458,3.580128234077588e-08
459,8.238095711068824e-07
460,8.830588036764467e-11
461,9.688762332657928e-08
462,7.339330898711637e-09
463,1.355011342665788e-06
464,3.1289547098272425e-05
465,2.671682253814105e-07
466,3.9212130625733066e-05
467,1.857232310153061e-07
468,3.03525291627785e-07
469,1.7814229500988619e-09
470,8.703897268871476e-07
471,1.1132187326365027e-08
472,5.726760062129139e-08
473,2.15734889775145e-05
474,2.4400949768703656e-08
475,2.6589359256525833e-08
476,2.2575379160682918e-08
477,2.0419548867290636e-05
478,9.69498959605908e-06
479,7.230083566918311e-09
480,4.6285409258696085e-09
481,6.151319407688839e-07
482,1.792864149975032e-07
483,1.540532865409255e-05
484,9.937845394922024e-08
485,1.612064356250409e-07
486,2.1905858624612246e-12
487,1.7295910456470126e-06
488,1.2768306815350747e-09
489,3.229210751163122e-09
490,3.890886833632979e-06
491,2.1667180329975336e-09
492,0.9995810302785951
493,1.542710185076785e-06
494,5.527401046340999e-07
495,1.5127690065163834e-06
496,3.849641944349639e-10
497,5.526583428249953e-10
498,5.43770814423809e-11
499,3.772520483429547e-09
500,1.5090950839121293e-06
501,3.6185769526852076e-07
502,2.260072641124097e-09
503,2.027473870690798e-06
504,1.4921020459167988e-05
505,6.056660941608094e-09
506,1.2501141440310913e-08
507,0.5574558428072682
508,5.183978447101852e-06
509,4.3467529827475966e-07
510,2.437875368820571e-09
511,9.853886098750337e-09
512,3.275374241372336e-05
513,0.00020541484496828562
514,1.1769600323324184e-10
515,2.7609207953033142e-09
516,6.684811865037781e-10
517,1.509211265828286e-09
518,7.931028319858446e-06
519,3.9103966021924746e-11
520,8.160627640846261e-10
521,6.6533072404238934e-09
522,7.700397913986771e-08
523,2.9719435912811593e-08
524,1.3420021192063044e-07
525,1.1847183014575156e-07
526,3.118881624820946e-11
527,5.574521880526251e-10
528,1.0029915383756367e-08
529,2.27025184181843e-09
530,5.952134880169691e-10
531,2.2648470895532768e-07
532,1.7408394970501558e-08
533,6.612770052829816e-06
534,1.203030849879619e-07
535,6.019392553374668e-07
536,0.002206065626820969
537,8.592923000146346e-08
538,0.5776445322754945
539,2.1029331479638384e-10
540,2.5729501429641487e-07
541,2.925954552837141e-08
542,3.585856865426646e-09
543,6.726741274079113e-10
544,1.2108375882724996e-07
545,8.268680116646748e-08
546,0.00010605852784123435
547,1.09291466196154e-09
548,2.375109247385071e-10
549,2.9231582987799155e-07
550,6.54484736770198e-11
551,3.0196163399091223e-08
552,4.6572026498147753e-07
553,2.39876796208278e-07
554,4.558870695895504e-11
555,0.15612595175617658
556,3.817658157601605e-07
557,3.966154802289099e-07
558,4.460504733696666e-07
559,4.4906820305539557e-10
560,7.154537661987378e-07
561,1.3729445355646069e-08
562,5.16950166212719e-10
563,1.503993299755119e-06
564,1.5650800336413632e-05
565,2.9946083297563646e-08
566,2.2790316164585206e-07
567,4.447137831528879e-05
568,1.522754338430411e-06
569,0.00039937409482985136
570,0.00018214524622579064
571,4.844042096525207e-09
572,0.002182045385976467
573,2.391266953196543e-06
574,2.3954763931670497e-10
575,2.5733376426262366e-11
576,2.8932928096754736e-07
577,3.795929288703869e-07
578,3.7128940991720614e-05
579,1.3551726925176909e-06
580,5.837790612370723e-10
581,2.856408900528427e-08
582,2.567443643831203e-07
583,8.26050313912873e-06
584,9.590345831928973e-09
585,5.347371348043198e-07
586,2.513646771220546e-07
587,1.6854986252092515e-11
588,8.490674466844892e-08
589,6.753537558639144e-07
590,0.026737667754725008
591,1.1199540482795275e-08
592,0.00043880007233267044
593,5.481138522085208e-10
594,4.915425518490959e-06
595,1.0212556212312221e-10
596,8.646659894131488e-09
597,2.2705016641464198e-08
598,8.408819842187641e-06
599,2.6464410899771976e-10
600,4.3956837434022933e-10
601,1.4032834093070356e-05
602,1.9641668200211134e-08
603,3.1153996678322006e-07
604,3.1267761859849767e-06
605,2.4280050645028134e-05
606,4.770479350409903e-05
607,0.29705616240897514
608,3.1908232805187335e-07
609,0.018173897437733826
610,3.6083949668555466e-10
611,1.6386347976412042e-09
612,1.428407568164179e-09
613,2.3766390403756505e-09
614,6.126898960307064e-09
615,6.326393632516447e-08
616,2.245454884507412e-06
617,2.8365045183430815e-10
618,2.6224462096456314e-07
619,6.178115118208641e-10
620,2.024801086313976e-05
621,1.7771305983072345e-05
622,2.0031756241274065e-08
623,1.3357393047865568e-07
624,1.7771835435027178e-07
625,0.00012491282482383721
626,1.2859551084511798e-06
627,4.148783362565158e-09
628,5.5896934333783914e-05
629,1.6571734112031077e-06
630,8.234098195387449e-08
631,7.38161524987784e-09
632,5.994637926559258e-11
633,3.5404174624430717e-09
634,0.00019492922674528636
635,1.4999822137200701e-06
636,2.189182131426169e-05
637,1.4606496434672567e-08
638,8.547157288639779e-09
639,8.198190732958028e-06
640,5.976124277893068e-08
641,0.0011854880206851807
642,5.573918213848266e-08
643,5.132259942599438e-10
644,5.504812735981933e-08
645,8.084365619224476e-12
646,3.6942556028461854e-12
647,1.6136812195692325e-10
648,0.01848799091049548
649,8.480687463983704e-10
650,8.874056152390548e-08
651,2.1205018361468664e-10
652,7.014082287099449e-06
653,0.0006859601852702274
654,1.1576246823879217e-07
655,1.34660967139743e-05
656,3.073454196532722e-08
657,1.7686011123422556e-05
658,1.6446053570754752e-07
659,1.588132218450399e-05
660,5.1496265291811183e-08
661,1.8914453217131564e-06
662,0.007196219455018668
663,2.3922982476455654e-06
664,7.61713945220555e-08
665,1.2355223134263246e-07
666,1.311229177657568e-09
667,2.3120285942016114e-09
668,9.220193709005931e-05
669,6.484412290876397e-06
670,3.9694447665141325e-09
671,2.7926592390075e-09
672,5.837555609780008e-07
673,1.9363939892379538e-07
674,2.582247431412581e-10
675,3.901179228203534e-06
676,1.2891541874824116e-07
677,6.748849006389588e-08
678,3.992400820377048e-08
679,3.175298425387016e-09
680,6.021416003909074e-07
681,6.378053908546483e-08
682,2.977605663995371e-06
683,5.733637841611448e-10
684,4.5327823046263175e-12
685,0.00020396976138401698
686,2.3531257276120807e-07
687,2.6907791491208585e-08
688,6.229135595805665e-06
689,1.698944591235473e-08
690,2.4799472016278465e-08
691,5.362343971993923e-10
692,9.008754335077013e-07
693,7.271746804751699e-07
694,3.820239583341435e-09
695,2.6795149732400368e-06
696,3.239640751192193e-10
697,0.0004517914713690691
698,1.856061954184318e-06
699,4.732335189403914e-08
700,1.0406778255498171e-05
701,2.4198730465036516e-05
702,2.0560713949036886e-07
703,1.1155935266177328e-08
704,1.577957925805325e-05
705,3.747163890013431e-08
706,7.31411219169104e-10
707,0.0020249749274920724
708,8.034803023130931e-08
709,0.0005792932486231065
710,1.1344951479197928e-10
711,4.479583062126871e-09
712,4.314067118672357e-09
713,1.199643770335529e-07
714,4.870256033699836e-07
715,1.7195883671428359e-06
716,3.3068740944459246e-09
717,3.766643286677276e-10
718,3.874444527131266e-10
719,7.458591861548679e-07
720,1.7383352831834348e-08
721,5.5626072330949366e-08
722,9.829943260707681e-06
723,2.5811113967429525e-06
724,4.980853267322453e-06
725,8.101567417736777e-08
726,0.08257833558009212
727,0.019616915398779668
728,1.4808492627742813e-07
729,8.614034454559174e-11
730,7.913020270522254e-07
731,3.9664425015593437e-07
732,9.389723304774648e-09
733,8.27565281332471e-07
734,2.097589594354637e-05
735,3.364839148488568e-07
736,0.8782773002794814
737,3.4608442794110645e-10
738,5.10422505191823e-07
739,2.094343261553787e-06
740,3.287365599902166e-08
741,4.9541756515677965e-06
742,9.928735835016052e-09
743,2.6554073916528335e-08
744,2.1633854730315104e-07
745,7.062068508930389e-06
746,8.875431875558946e-07
747,3.5240417538409426e-06
748,6.04265450289323e-07
749,5.808254871531939e-08
750,4.992157015540615e-08
751,0.25428481196532454
752,2.514760514331046e-06
753,6.536028021802339e-09
754,4.931770774924184e-08
755,0.0007211754313869648
756,1.6005698730338675e-08
757,1.8379800418442947e-10
758,3.0320422211737815e-09
759,1.6262585549906503e-05
760,7.317053005549513e-08
761,4.4412538727174097e-07
762,5.297478287472039e-07
763,3.852799028160214e-09
764,5.140835940612158e-10
765,1.5199926502157484e-09
766,4.773147284702647e-10
767,6.891414733677091e-08
768,4.0616499599900924e-05
769,0.051338791465620884
770,1.1485516921623979e-11
771,2.795280080076213e-09
772,0.0015389919243032897
773,4.235723118497e-09
774,4.4300524111966314e-07
775,9.697742927235982e-06
776,0.000503077518368364
777,1.5947352932576608e-08
778,1.6393690333135135e-05
779,6.354861237655356e-08
780,8.563394960644404e-07
781,4.3609332568087647e-10
782,2.416872989219299e-06
783,2.607717772108519e-07
784,1.3253601716743478e-12
785,2.5318157303030774e-10
786,1.1444671244372578e-05
787,3.155933232402257e-08
788,4.8154928066164517e-08
789,2.3637951998352357e-09
790,9.882243376242903e-09
791,8.645912002867268e-11
792,1.6229764723178335e-08
793,4.249700461873199e-08
794,1.256925738198472e-07
795,1.6968828904872363e-10
796,2.084842581538305e-09
797,1.1470891712569402e-06
798,0.003701292919850204
799,0.4974451011294806
800,1.382102940840318e-06
801,5.743291054495169e-09
802,1.723720085245471e-10
803,2.516231397708464e-07
804,0.9808620147170031
805,1.113128738859768e-09
806,0.000257516937825113
807,2.2256730874318018e-08
808,3.640666729761099e-11
809,1.1814982011938808e-05
810,1.1157530615372531e-09
811,1.8704713340586957e-06
812,1.6975543877110424e-05
813,5.697559507920962e-09
814,3.581584637123647e-09
815,5.188014506515439e-07
816,0.8249933602696569
817,1.0007088055771645e-07
818,8.736850158376476e-06
819,5.347092487993428e-05
820,4.8207150860009124e-05
821,0.0003139687780715424
822,0.0006353230666872337
823,6.848698524180629e-08
824,1.0067402736666386e-08
825,1.887603727268554e-08
826,0.003993025683265673
827,5.680723466506686e-09
828,4.993887651748327e-07
829,1.8094269644667758e-11
830,5.835453757776225e-06
831,1.2895579213251267e-06
832,6.777608323424436e-09
833,1.750593987308823e-06
834,6.68421571120629e-06
835,6.830108507169051e-11
836,1.4130303236233915e-06
837,1.7927645767050964e-08
838,8.170699021348791e-09
839,2.6703283570206684e-06
840,7.036392687314343e-10
841,5.59207744622633e-05
842,1.7295298159523214e-06
843,0.0001105314752902668
844,8.12124071371964e-06
845,0.00014417694804973841
846,1.0986886653901387e-06
847,3.337290837253788e-06
848,5.757946507076198e-05
849,1.5607368434841712e-05
850,1.1111231409286091e-07
851,5.793374099078642e-08
852,7.28766254562901e-09
853,1.310460055575235e-09
854,3.0639555312701625e-11
855,1.0350581194612344e-09
856,3.980210025933594e-07
857,9.227381472479456e-09
858,1.7625630469320314e-07
859,2.0937870573222194e-05
860,3.638193205627567e-07
861,8.09270644043648e-09
862,1.1140737946039956e-10
863,7.427745562678296e-09
864,2.455316834712663e-07
865,4.6674927722524126e-08
866,0.00018748800616313096
867,3.768785214296154e-10
868,1.209676233005231e-06
869,1.1530015179280718e-09
870,5.1343435373072235e-08
871,1.8358410905758163e-07
872,2.1699875324729452e-08
873,4.88969040129173e-06
874,2.784369927682067e-10
875,1.3962001191130188e-07
876,0.002233482534445325
877,3.762131705312681e-07
878,5.732676322558448e-09
879,7.562048764640689e-11
880,1.4823721990340974e-06
881,0.002192428889527672
882,1.475649643383901e-07
883,6.09250083810549e-06
884,2.9114859703364434e-10
885,7.889837517754753e-05
886,2.2156344346646677e-09
887,2.6354423929403097e-06
888,0.00011215247610849842
889,2.5796512792400344e-05
890,4.417903838773447e-07
891,4.242450696847029e-05
892,6.673425874984424e-07
893,1.4258403117800088e-09
894,1.6436438103718033e-08
895,9.873569224473512e-08
896,5.608729127121839e-06
897,1.2920065216138183e-07
898,7.893084453716089e-07
899,6.048043548704847e-06
900,2.0905486224095067e-10
901,7.164669263234297e-09
902,1.9414720596687895e-08
903,1.5213413950411086e-11
904,2.371268648958601e-10
905,2.3127221364706046e-11
906,3.290018464877377e-08
907,2.922516305395254e-07
908,2.3753303057661325e-07
909,0.0002941843279981321
910,6.578135467404596e-07
911,0.00011051539892672041
912,4.732280304192787e-09
913,1.0568150805006115e-10
914,1.74489290369648e-07
915,6.335382060100902e-08
916,7.406555602329731e-06
917,0.01380697698090827
918,4.195321003225102e-08
919,3.918221951371028e-09
920,2.9137377615821106e-08
921,6.965284982860017e-09
922,7.994874368930629e-09
923,9.998628533088146e-08
924,1.1224124056859193e-07
925,2.2208450860418234e-07
926,1.0391604508817154e-08
927,3.496427273344231e-06
928,1.661207288403757e-08
929,9.62918940905128e-09
930,3.40663182301256e-08
931,3.6252050532538783e-06
932,3.9504788969987284e-09
933,1.208873547011455e-07
934,2.3871050433107884e-07
935,1.1370974964018811e-08
936,3.138427433501604e-08
937,3.276626475394137e-10
938,3.768073851002774e-08
939,2.03742275295535e-08
940,5.104445794315932e-08
941,1.8287615713545343e-10
942,8.792011463550236e-06
943,1.0273836169077878e-10
944,8.993765365975729e-11
945,7.916964320345582e-11
946,7.132770408735755e-07
947,1.5348128093817803e-08
948,6.6546317641657335e-09
949,6.2012227837727515e-09
950,1.9715027264350178e-05
951,2.4724235512982432e-08
952,1.010750791719455e-07
953,7.960630714822853e-07
954,0.009355909582603641
955,0.0029192276626522594
956,0.006178171969795496
957,3.6630844046917704e-06
958,4.4317949503140157e-10
959,1.4473982317331327e-08
960,5.861119372821821e-09
961,1.61433896008625e-07
962,0.0008497328116807308
963,0.1423382960136193
964,7.829739375406811e-10
965,6.606891432313614e-13
966,3.6249187764678773e-07
967,0.0006616298136136377
968,1.4273855143401408e-11
969,1.7734246130533127e-07
970,0.021391504965579827
971,6.02168946500038e-08
972,2.1830761457811953e-06
973,0.00010872725748934113
974,1.7024231016721895e-11
975,0.024171681214072226
976,7.276909004338467e-08
977,2.4100363223628313e-06
978,2.224230477138591e-05
979,0.0003294699611259397
980,1.5529121669571673e-07
981,1.562759055796561e-10
982,8.753945932096649e-07
983,1.1632390081423011e-07
984,3.9082325700032784e-10
985,0.0004516004943763151
986,4.324727120380485e-05
987,1.4351011872736244e-08
988,9.395189574565427e-07
989,6.396596518389974e-08
990,4.40346796660579e-07
991,4.109141968700724e-06
992,3.067528581766496e-08
993,1.2877473812285015e-09
994,1.2636958747122717e-05
995,0.0004628168593174279
996,0.0011442633847759593
997,7.89169126619578e-07
998,6.548975548231662e-06
999,1.491621874159727e-09
1000,3.5264749177546314e-07
1001,7.307782781131868e-10
1002,6.016248609795011e-07
1003,3.55780207132937e-08
1004,1.1536077420708143e-06
1005,1.3071720021847683e-08
1006,4.7831276862675964e-05
1007,4.804889750886412e-09
1008,1.0584266194473884e-07
1009,6.005782284217077e-09
1010,3.329053589987613e-08
1011,3.31179359461716e-05
1012,3.0771121819617803e-06
1013,3.554993602230982e-09
1014,6.126055691225378e-09
1015,6.926336411746114e-08
1016,2.4531597215026707e-08
1017,0.004442589152893414
1018,0.013416299094798495
1019,2.7767939594452155e-09
1020,1.8532081793990538e-05
1021,3.464781347375091e-11
1022,3.254919139864178e-11
1023,8.570325229464026e-08
1024,2.0715077877096296e-05
1025,1.06550638544321e-05
1026,8.24110725037525e-05
1027,0.001205808861234266
1028,0.008671537946423578
1029,5.167592450315748e-07
1030,1.915204650175011e-06
1031,1.1405300967990812e-07
1032,0.0002461149998446786
1033,0.05928305027674148
1034,3.2197426751641444e-09
1035,1.2150158106783706e-07
1036,0.0005638555026004761
1037,0.7924142700579762
1038,6.166346286391128e-10
1039,3.8871782193264557e-07
1040,2.3910780491847557e-05
1041,2.0371265750196498e-07
1042,2.413322545695657e-09
1043,2.0578887057604748e-08
1044,3.35759932011923e-11
1045,0.1795654350244606
1046,1.221449603064597e-06
1047,0.00583993806293386
1048,9.921861351495015e-07
1049,6.859405107485074e-11
1050,1.6010775344064526e-08
1051,1.0956017215273457e-07
1052,5.064340752279685e-07
1053,1.0219720121133746e-07
1054,9.005773735339968e-08
1055,2.7525801372723166e-07
1056,6.0112249723204015e-09
1057,5.40408900650969e-07
1058,2.2689126916118522e-07
1059,1.6627635039572675e-07
1060,1.020562626626263e-06
1061,2.6499045529666617e-09
1062,3.7088333229874963e-06
1063,5.164061864956503e-06
1064,7.79075990530598e-09
1065,1.8173554444555318e-09
1066,0.005781238487163158
1067,5.847642933014667e-08
1068,7.65901529404678e-10
1069,1.0135488738889016e-06
1070,8.04350455293299e-09
1071,0.0001248551055737936
1072,4.207240946343893e-07
1073,1.6264402311622463e-09
1074,0.05525859301969558
1075,2.6833069387302065e-08
1076,3.036714667014344e-06
1077,4.5256202865796985e-10
1078,1.4552615261948318e-05
1079,9.311674684459622e-08
1080,6.252191450963697e-08
1081,7.653282281813423e-07
1082,0.07059976651260494
1083,0.010167628684680383
1084,4.8176587677744406e-08
1085,2.9461383188960625e-05
1086,0.00020535807494400125
1087,3.272391867580448e-08
1088,1.6998514019390324e-06
1089,0.00020027817427693706
1090,0.00031969211661663974
1091,2.4495067277567006e-11
1092,0.02012511711371883
1093,2.740712992887426e-08
1094,9.280021579301044e-06
1095,7.147964018711281e-10
1096,4.582131848059612e-08
1097,4.522532475991854e-05
1098,1.817679702347125e-05
1099,1.5025287860869275e-07
1100,7.897574165592584e-09
1101,1.0277766278889908e-10
1102,2.9673066534880125e-09
1103,3.1762602264037426e-12
1104,2.781408328739116e-07
1105,0.000715294109314315
1106,1.3728033703799878e-11
1107,1.9061228032961808e-08
1108,1.1384249352111495e-07
1109,1.0934362300180307e-08
1110,5.426289160755697e-08
1111,1.354537866606422e-07
1112,1.6480777004139154e-08
1113,5.519373619822527e-07
1114,6.741946391910386e-08
1115,4.716944207354379e-08
1116,7.126570534967896e-07
1117,1.4971545623584002e-07
1118,1.1511972918704768e-08
1119,6.304525969635664e-09
1120,4.2183374196398565e-11
1121,1.3324205495733243e-06
1122,0.0007427443729188402
1123,0.0003924627445678431
1124,2.5517132305395685e-09
1125,4.0326538743674175e-08
1126,1.6464733069891174e-06
1127,1.7317963915582802e-12
1128,8.367090355596433e-08
1129,2.931556860234329e-07
1130,7.990523044266594e-06
1131,0.020027354115667997
1132,5.7526984666536114e-06
1133,0.0003557720706134322
1134,2.524058210465559e-06
1135,6.860668316372356e-08
1136,5.8777790516960796e-08
1137,0.1993002272956041
1138,6.78237990680534e-08
1139,3.9717080207128004e-11
1140,0.007543044935722691
1141,4.7265802088173045e-09
1142,0.021572180613175486
1143,6.371392767875644e-09
1144,0.02072105355380372
1145,0.12873207579724327
1146,7.895385369538609e-07
1147,2.935771032897652e-09
1148,1.2522321651791935e-08
1149,1.6877186939105213e-07
1150,3.9067111875805506e-08
1151,8.549066165354877e-10
1152,8.964060929888422e-07
1153,1.553097479457623e-08
1154,2.0065375277815623e-05
1155,1.0168653097709913e-09
1156,6.878347831082066e-07
1157,7.848181578196333e-09
1158,1.0672687569323157e-07
1159,3.5260678809105985e-08
1160,4.7420028170314036e-09
1161,4.081438298953396e-08
1162,5.538030398360617e-06
1163,0.00017725527309229067
1164,8.625896415350117e-09
1165,1.969322415270785e-09
1166,5.7287740286352133e-08
1167,8.119324567843125e-06
1168,1.0648778821410826e-05
1169,8.372658075035631e-09
1170,2.0819781819331997e-09
1171,0.00039348982052311794
1172,5.0286585011102896e-06
1173,9.84101448691644e-07
1174,9.043879029418056e-08
1175,6.966490312596308e-11
1176,1.1675260521102442e-05
1177,2.6326404446724433e-07
1178,6.261762929510325e-07
1179,1.8719802678769055e-09
1180,3.1108912596294975e-05
1181,5.116369618833931e-09
1182,5.949665787310227e-09
1183,5.0048768506008215e-06
1184,5.4291861715006485e-05
1185,1.2300175548780102e-06
1186,1.2103220548594634e-09
1187,8.572356211994483e-09
1188,3.7179014254340692e-06
1189,0.07867210549979066
1190,2.580712732019164e-07
1191,3.853637509671614e-09
1192,1.1375650939332774e-07
1193,8.439141046105174e-10
1194,3.300317759752128e-08
1195,4.734808342734556e-07
1196,5.196311732742547e-09
1197,2.2790685894642166e-06
1198,2.04848954849692e-05
1199,2.00322710941968e-08
1200,7.899264545121933e-08
1201,0.00014673158739700077
1202,2.018853703648315e-07
1203,1.7387412542849196e-08
1204,1.2547985303831305e-09
1205,7.013192534541079e-11
1206,0.0003078575355791396
1207,0.0002809241438554038
1208,8.263393574455018e-05
1209,0.0006391054947280613
1210,8.563999256544335e-06
1211,3.364405772985043e-07
1212,8.95982142341696e-09
1213,1.698930500080974e-06
1214,4.164057293601922e-11
1215,3.9264094425310453e-10
1216,1.736240223831267e-07
1217,3.084072178042227e-10
1218,1.0447261954887115e-07
1219,7.153599837612638e-06
1220,4.4089730528967426e-07
1221,2.0041005897187396e-07
1222,1.6899923700027313e-08
1223,1.5675199053487864e-07
1224,8.271699061739224e-09
1225,2.225092193252891e-07
1226,1.6439393908741487e-08
1227,1.1562137624988814e-07
1228,5.967847326188506e-07
1229,4.83323702510841e-07
1230,0.00011859697797825723
1231,1.0188913073084715e-07
1232,6.076860832501099e-09
1233,2.6452638685510227e-05
1234,9.345415268827037e-07
1235,8.856293484444661e-09
1236,2.1134962279118732e-08
1237,4.130394124878368e-06
1238,7.321394019111005e-10
1239,1.5780042636615356e-07
1240,3.0049096372383613e-09
1241,1.3462734988137907e-07
1242,3.945516559366423e-08
1243,1.769280343733496e-06
1244,1.1012245545504132e-05
1245,4.731568129655794e-05
1246,1.609707402772961e-05
1247,5.787814863061294e-10
1248,1.9844370980849934e-11
1249,0.7024967555872615
1250,2.0811217238135414e-09
1251,3.062467701615616e-05
1252,4.9776967799932286e-08
1253,1.5972760256355819e-09
1254,3.515452669258276e-10
1255,1.697638036534961e-08
1256,3.2418492356257385e-09
1257,2.0295282526465833e-05
1258,1.360339779290424e-09
1259,1.0727582905549466e-07
1260,0.00013191290568752618
1261,7.0325521058717e-06
1262,0.02151939743239038
1263,4.844233396201856e-08
1264,0.00011506191571611936
1265,9.469030398664223e-06
1266,1.1662784383222595e-09
1267,1.218529623164508e-05
1268,8.194658565105705e-09
1269,3.7076500506686574e-09
1270,5.467497050849803e-09
1271,2.1890366083823682e-10
1272,3.3901606946823905e-08
1273,4.6675522180760174e-11
1274,5.726896483305439e-09
1275,5.257405764685266e-09
1276,7.534752372041336e-07
1277,7.680437074187502e-06
1278,1.2349878799550227e-07
1279,5.532408790740109e-05
1280,2.0877360026543507e-09
1281,8.920484943701339e-09
1282,1.2678725261522318e-08
1283,4.749972787756416e-09
1284,8.491581188551319e-07
1285,2.836703426253571e-06
1286,5.352980631567237e-07
1287,1.5118975931103766e-08
1288,3.866728423158427e-08
1289,0.019927100606883165
1290,5.5328807005459584e-08
1291,1.0511969896406271e-10
1292,4.621864553319394e-06
1293,3.262060855391687e-10
1294,0.00017459655190695206
1295,1.3066517618019932e-08
1296,6.148276047724409e-07
1297,6.0366747632367066e-09
1298,5.453052538489646e-09
1299,8.584077373693887e-06
1300,1.8132696878565175e-06
1301,2.409543851335013e-09
1302,1.6255326613988588e-08
1303,6.991850287267697e-08
1304,3.2000115858532875e-07
1305,5.729289879266388e-07
1306,1.2212208811605613e-11
1307,1.4610342353910724e-09
1308,0.0005180857423242511
1309,3.990644074124791e-07
1310,2.2999126201361854e-08
1311,5.630807293009579e-08
1312,6.273630482897192e-06
1313,5.588980360572375e-07
1314,3.762005690949557e-08
1315,2.0240539604706924e-08
1316,8.563413552478126e-06
1317,0.00018515769504280172
1318,6.225613596030167e-08
1319,3.4026733509288924e-09
1320,3.455457004467425e-07
1321,8.304114908085572e-11
1322,8.145164092740486e-09
1323,2.395248868061388e-07
1324,9.010373581802494e-08
1325,7.859493717436631e-05
1326,9.577272163829508e-08
1327,9.198311586766466e-10
1328,1.3717914281452076e-09
1329,7.314796725654087e-08
1330,8.79781024990268e-10
1331,8.099046631549654e-10
1332,0.9932044886754824
1333,8.698646404644678e-07
1334,4.7873995869976644e-12
1335,4.5928851908613484e-07
1336,7.256453531118707e-06
1337,4.4403778896090935e-07
1338,3.148665914987974e-05
1339,5.6732396873683406e-06
1340,1.4261731614520648e-06
1341,1.0567706030178812e-08
1342,0.00014325037708024072
1343,3.7132036681218265e-07
1344,2.6026164070659516e-10
1345,4.919728337680591e-08
1346,1.636638294540437e-07
1347,2.598711043872365e-09
1348,1.137584620419082e-06
1349,5.3877563021625245e-08
1350,0.0001033316989624246
1351,6.846834607202297e-09
1352,6.692906375590326e-08
1353,0.0008249891401743781
1354,7.2348346883948455e-06
1355,8.346845542569568e-08
1356,4.890385454661827e-09
1357,0.00018791956499240577
1358,2.4570477451537082e-08
1359,2.894930005864154e-06
1360,1.1604011525234218e-06
1361,2.7039230596779828e-08
1362,1.257564548091945e-06
1363,0.0006796416801801354
1364,1.918514927431549e-07
1365,6.678771940621245e-08
1366,7.523776938926635e-10
1367,0.0003045950393584056
1368,7.289900366948167e-08
1369,2.0724787092035626e-08
1370,4.883309785266544e-08
1371,1.7966780025870882e-08
1372,0.00017394388413840444
1373,1.4244379169172623e-08
1374,1.0710035087824514e-06
1375,7.284071105243829e-09
1376,6.7258435794003e-11
1377,2.7855100887293e-10
1378,2.9548563874481268e-06
1379,2.3034178285098476e-08
1380,8.697740520098073e-11
1381,6.705681041763945e-06
1382,0.04443466773781938
1383,3.6090225619388706e-05
1384,1.2570472488781402e-08
1385,6.436835313733733e-08
1386,7.55224834173438e-06
1387,0.12128888103066962
1388,2.6628360325697035e-10
1389,5.114302816662468e-10
1390,1.6266409059133036e-05
1391,6.624419471788672e-09
1392,5.106218681608181e-09
1393,1.91026638307519e-08
1394,3.29239622974915e-11
1395,9.101095289470546e-08
1396,1.7983061753970407e-05
1397,1.118219538288126e-07
1398,5.022915946153327e-08
1399,7.446264947664453e-07
1400,4.078315935119277e-11
1401,3.768923952068069e-09
1402,2.195104307772325e-09
1403,2.1569913224550167e-08
1404,5.586559165175994e-10
1405,0.0002601693051385923
1406,2.314787936411102e-07
1407,4.0452799584408675e-10
1408,1.9001726087454745e-08
1409,9.879532331702819e-08
1410,8.434614940905677e-09
1411,1.6085515585512944e-07
1412,4.150404234580496e-09
1413,3.0003229428589398e-09
1414,3.745053996773881e-09
1415,0.0005400192448203566
1416,7.606477670297612e-10
1417,6.06167273533801e-08
1418,4.491474383331249e-09
1419,1.7472658313484727e-05
1420,3.679812748379044e-05
1421,5.930453887003129e-06
1422,2.7548708757988564e-10
1423,1.4100717846710466e-06
1424,2.6032783561853356e-07
1425,2.995463569640877e-06
1426,1.1867626950352604e-08
1427,2.954596019055177e-09
1428,2.6385796444992283e-08
1429,1.520153072369254e-08
1430,7.793883734133007e-05
1431,1.8407441285407522e-06
1432,1.061982931309954e-08
1433,1.6912917104432806e-07
1434,5.714978674951052e-08
1435,0.00015699735775347124
1436,1.2626201675492637e-09
1437,1.6208630789436064e-08
1438,4.869516291294951e-10
1439,2.2530923563633855e-06
1440,5.327554967076007e-07
1441,0.00016877916242729625
1442,3.774246450981558e-05
1443,4.281202803199597e-07
1444,5.26616651898338e-09
1445,3.34636948530445e-09
1446,3.890975999686662e-07
1447,1.5149719191242587e-06
1448,3.4203660246561684e-10
1449,1.747151881252098e-08
1450,1.0434007391342034e-09
1451,0.001765531357445157
1452,3.9009703639261805e-08
1453,7.024454403734684e-09
1454,3.390371206006626e-07
1455,1.4092783200851453e-08
1456,1.5549240544119547e-07
1457,1.2532993285991392e-08
1458,2.093538380774296e-09
1459,2.389269429248643e-05
1460,6.272701377312842e-09
1461,5.4279706093307494e-08
1462,1.842142140871472e-05
1463,2.435289125515203e-06
1464,2.4180317283192204e-10
1465,3.684430837695093e-06
1466,1.7661063158311747e-09
1467,7.059381391296598e-09
1468,6.792425496442155e-08
1469,1.2594844673946646e-05
1470,1.572492353855432e-10
1471,5.757466213893727e-06
1472,2.050935258105574e-06
1473,7.402113844586734e-08
1474,6.573571584888779e-10
1475,1.1132599593577594e-05
1476,3.5717081540782046e-06
1477,7.18264130894781e-08
1478,4.1754748062970055e-08
1479,0.3121264917668828
1480,2.1403213891734522e-05
1481,3.067712334221484e-07
1482,1.1566118840554097e-05
1483,1.5886519417418768e-05
1484,6.093471368180984e-08
1485,3.6615807066982505e-10
1486,2.7863197879245626e-07
1487,7.663520376703739e-07
1488,7.676581995379041e-10
1489,1.945232030862929e-05
1490,1.4598444607755851e-05
1491,0.00010176819732891508
1492,4.4388350943107996e-08
1493,7.08257862041538e-08
1494,1.6128913178723548e-06
1495,1.232269630607784e-07
1496,2.4314981495986257e-08
1497,1.446151322768999e-07
1498,6.16423569085658e-09
1499,1.0054676701364581e-05
1500,5.443046387740306e-08
1501,2.9408750981068954e-05
1502,2.925598929401162e-09
1503,1.5062037336700687e-07
1504,1.650255826817814e-07
1505,6.557712653547672e-08
1506,3.3203977956793668e-09
1507,2.1997496616583965e-07
1508,7.847898878324481e-08
1509,1.2585066284868035e-11
1510,2.9601352685834196e-09
1511,0.2974097342449724
1512,2.77058441400599e-10
1513,6.3503169720975055e-06
1514,1.821115359304983e-07
1515,2.75731784281663e-09
1516,1.7378970394549142e-06
1517,4.952817857781981e-10
1518,3.5461409589962745e-07
1519,7.866894591679058e-08
1520,1.0384118893149007e-06
1521,5.61078012277491e-10
1522,0.04934754951746874
1523,2.8693198241890573e-07
1524,8.436075462654952e-09
1525,9.997620355894934e-08
1526,8.327274983506997e-08
1527,3.0776288907838845e-08
1528,3.896860868743781e-08
1529,0.0005963325580550709
1530,3.671743998642573e-08
1531,9.24248891404355e-09
1532,0.002085620982641248
1533,3.9269251488385883e-10
1534,1.9843245031789178e-09
1535,1.3977007189811764e-07
1536,1.73532520629578e-05
1537,1.6450560331695652e-06
1538,2.7394878343211147e-06
1539,5.9490598517364164e-05
1540,1.865218544262656e-06
1541,3.399307037616862e-08
1542,7.570711368338785e-07
1543,2.8832185664370026e-09
1544,4.091961921022103e-09
1545,1.973346891175585e-06
1546,1.2178882826875374e-08
1547,7.5273878389216e-08
1548,1.3207799288128373e-07
1549,2.606374739824548e-08
1550,2.483134287581301e-07
1551,2.045016985277349e-09
1552,1.8839364079518067e-05
1553,1.8706758698820634e-06
1554,1.7384452327256185e-10
1555,3.872453968381261e-09
1556,2.2926217687035414e-05
1557,0.00022010628377417486
1558,4.835812542148844e-07
1559,0.20297360918239757
1560,4.84959239772997e-10
1561,6.633163877547057e-07
1562,2.402980259593867e-06
1563,4.660755163033214e-08
1564,1.3254492408238792e-05
1565,8.86296420597784e-07
1566,2.540210279467855e-08
1567,1.0435244448837745e-08
1568,2.0875515644457066e-08
1569,3.4583530368665834e-06
1570,3.528450585365424e-09
1571,1.084319578635678e-06
1572,1.0950060843863586e-08
1573,7.389103588119636e-09
1574,1.936738925583932e-09
1575,4.917878169898718e-07
1576,2.4288802704599264e-05
1577,7.093054866957136e-10
1578,1.7550777025212121e-06
1579,4.001070549624142e-05
1580,4.074740434145116e-08
1581,3.9819040657777e-08
1582,8.43039604903437e-09
1583,5.049656906690826e-10
1584,8.100462805872315e-10
1585,1.874570021704919e-06
1586,2.3476170761140097e-07
1587,3.8373919961491964e-07
1588,4.2027580882032383e-10
1589,6.190973724657165e-10
1590,1.7086653798020391e-06
1591,4.190011024507974e-09
1592,1.0342168594980501e-08
1593,7.127905833298805e-09
1594,6.156012992049903e-07
1595,4.885705246837034e-05
1596,9.844691893868222e-08
1597,1.411250871719108e-08
1598,7.928634616722006e-07
1599,6.281101699710556e-08
1600,1.2916136034601157e-08
1601,2.6106724099548505e-08
1602,0.008613342363001547
1603,1.7353298332020673e-05
1604,5.548591151754797e-07
1605,0.40143537409076807
1606,0.0002381982479153558
1607,2.4051726348235336e-10
1608,3.245293184833586e-07
1609,1.7553185834426775e-09
1610,7.09666449974707e-05
1611,4.469471640886895e-08
1612,8.507830267893869e-07
1613,1.9128960817422936e-09
1614,3.0260847451377554e-08
1615,1.0559521270488018e-08
1616,0.9846687295422688
1617,2.565450269751531e-08
1618,1.2188358389490714e-09
1619,2.247919332514382e-10
1620,1.1728781254203579e-06
1621,2.6770034142549934e-07
1622,2.9853854835372353e-05
1623,2.4755923450905685e-07
1624,3.817687541867734e-08
1625,4.1936343058190387e-07
1626,0.0021047272696371445
1627,8.586392225272659e-08
1628,0.03865345037764485
1629,1.7806969954736283e-07
1630,2.1676340600890227e-10
1631,2.739425001778469e-07
1632,3.403549011859065e-07
1633,1.4872279493696056e-05
1634,4.864680782579121e-08
1635,6.487863991866799e-07
1636,1.0800637720697032e-07
1637,3.4174655174970504e-06
1638,6.874401733577309e-10
1639,2.6633119006388732e-08
1640,2.2727022200306766e-09
1641,0.00026237928574927865
1642,1.4459771658268e-07
1643,1.7663717303828813e-07
1644,1.7509517422483716e-05
1645,1.3606226878213324e-09
1646,9.74693121384241e-05
1647,2.760043628428858e-09
1648,6.266555691322732e-09
1649,0.004453510427324668
1650,5.3706774375490804e-05
1651,2.5201230063601736e-10
1652,3.867517507475515e-09
1653,6.184305320700216e-09
1654,4.782080535159927e-06
1655,1.6072197125816198e-06
1656,0.003771412385359251
1657,1.9539063978101128e-07
1658,2.9409945912869722e-05
1659,4.194816223165966e-08
1660,1.807152419405405e-08
1661,9.16784313297942e-06
1662,2.1856289001150824e-11
1663,3.5768385308514374e-10
1664,1.3661625533401353e-06
1665,2.7166815555893262e-08
1666,5.0374809302966164e-08
1667,8.859674560370293e-10
1668,3.067616118268998e-07
1669,2.0980572446466775e-08
1670,8.323936183587141e-10
1671,6.832690477656314e-08
1672,2.6703999002444605e-08
1673,1.508699007142069e-10
1674,1.4439301534923554e-07
1675,9.555858082552844e-06
1676,1.2020230008321364e-10
1677,6.554333023804177e-06
1678,8.323830930901084e-11
1679,2.0246864314428557e-09
1680,0.4559943117125648
1681,2.4156213363763864e-06
1682,1.4705716328490962e-10
1683,1.1726444205611466e-07
1684,3.268810090963298e-05
1685,4.635817252202324e-06
1686,0.0001744596820015142
1687,1.0150569509425822e-07
1688,1.0076978009492624e-09
1689,5.946824189706331e-09
1690,2.894661802980684e-06
1691,5.968433022917519e-07
1692,1.300926667342091e-09
1693,5.667327146813667e-08
1694,5.305380539043055e-06
1695,2.3912072145340346e-07
1696,0.7273617606616605
1697,7.515857076686072e-08
1698,1.6806512139391451e-09
1699,2.513784630443306e-07
1700,5.900221012120345e-09
1701,2.9348797348434033e-10
1702,5.548105126413758e-06
1703,3.840138233179672e-09
1704,2.3787858461553795e-07
1705,1.6194923840767317e-09
1706,4.5195558842723774e-08
1707,1.1141789808643384e-09
1708,0.24583178399910172
1709,5.078244220049442e-07
1710,2.1116283141978667e-06
1711,5.459880071287591e-08
1712,4.483884806403108e-10
1713,2.740603175773379e-08
1714,1.848348854344125e-05
1715,2.877268457100961e-10
1716,3.5205938962560535e-06
1717,3.060412101320015e-11
1718,2.744178029745939e-08
1719,1.076269944577934e-09
1720,1.6069886431780034e-07
1721,1.0974156710879244e-07
1722,1.779246629556678e-09
1723,0.00025541772191739167
1724,3.6483792467340396e-05
1725,1.908259460467189e-09
1726,3.140326365812831e-05
1727,3.1959225618892704e-07
1728,8.86062138307458e-05
1729,1.5442975831714545e-07
1730,0.0018491399918460518
1731,0.0003318153837439883
1732,1.1666652557417367e-10
1733,1.131153352119934e-08
1734,0.003308283606877126
1735,4.858383071439549e-09
1736,9.193236453759726e-09
1737,0.00028485870125062563
1738,6.159883985946271e-05
1739,9.110488862539919e-08
1740,1.5706907984787738e-09
1741,2.2438045916619682e-08
1742,7.215533135079579e-08
1743,1.7364227616179552e-08
1744,8.196544642608041e-05
1745,1.6549437887822508e-07
1746,6.529343764028447e-08
1747,3.76459438013348e-09
1748,2.6287837596537226e-09
1749,2.7772370747381845e-07
1750,5.313866372804763e-06
1751,0.009036025168947292
1752,8.463688001318015e-10
1753,7.880695597873198e-10
1754,8.797969965013953e-10
1755,1.143626257415722e-11
1756,4.059763651472954e-09
1757,8.13435999383338e-06
1758,5.752381551185353e-08
1759,2.9213997820986575e-07
1760,3.7361376990502554e-08
1761,5.7790136275361134e-05
1762,5.002822210332965e-07
1763,1.5037812260103766e-06
1764,8.75034910640563e-10
1765,9.341552651635677e-05
1766,0.0004867917756496928
1767,0.09463536349692223
1768,3.463026217921711e-07
1769,5.640971411836148e-06
1770,0.013157405898482868
1771,4.289360898738407e-09
1772,2.7050836421813336e-09
1773,5.268660987452647e-10
1774,1.5279415645732534e-07
1775,9.029007303247066e-08
1776,4.594515301740339e-08
1777,6.796556088335006e-10
1778,4.691814913424199e-11
1779,2.4276175987464345e-11
1780,7.762732077853388e-09
1781,3.8381538181576977e-10
1782,6.40828211139184e-05
1783,7.26007287042864e-12
1784,0.00013542798868376404
1785,6.089867627356823e-07
1786,4.000922983531081e-09
1787,0.1535903386203953
1788,1.7975384085155482e-09
1789,1.9995484760118443e-07
1790,4.829965044624492e-08
1791,2.1210358564103275e-06
1792,1.0582755978516323e-07
1793,4.24329366295458e-08
1794,5.285349965462388e-10
1795,1.0075172404585703e-09
1796,5.4826977791958956e-06
1797,1.70017645643925e-05
1798,3.131609544748627e-07
1799,2.2766096074739176e-09
1800,0.0003086092243378011
1801,2.8541108400428284e-06
1802,1.2981363697897996e-06
1803,8.064659142277261e-08
1804,1.5355176151324885e-10
1805,4.283445364026049e-05
1806,3.191310510422796e-07
1807,1.0683560943746566e-06
1808,8.462405509631351e-06
1809,0.458921738634
1810,3.000882279177035e-09
1811,2.506125159681057e-07
1812,2.644866614026566e-06
1813,4.546185749101021e-06
1814,5.4019834411348895e-08
1815,1.1397118970501797e-08
1816,0.0015942320647582523
1817,3.280267836476192e-06
1818,2.4311112122568367e-09
1819,0.0001538960330136569
1820,2.091739992191786e-07
1821,4.499283851933309e-05
1822,9.874280899580807e-10
1823,9.388174364224308e-08
1824,0.013579555407135232
1825,4.675077766024403e-05
1826,8.571252193361444e-08
1827,2.5123069621423273e-07
1828,4.291454198633263e-06
1829,2.903502093475265e-09
1830,1.3743907711790754e-05
1831,3.556071317415406e-11
1832,1.6809708750539139e-06
1833,1.6281895906591053e-07
1834,8.934100041744276e-08
1835,0.010411571560123812
1836,1.8571142620396876e-07
1837,9.20436616388511e-08
1838,3.94147268120851e-05
1839,6.415721523769924e-07
1840,5.1660681870569e-07
1841,9.217602558097373e-08
1842,1.3813411740749158e-07
1843,2.6596544382088674e-05
1844,1.6176846146450734e-07
1845,2.539822149497534e-09
1846,7.463934939162703e-10
1847,4.920708246011408e-09
1848,0.0012873652299285224
1849,3.655559247420376e-08
1850,5.804354919979552e-08
1851,3.7001899279689584e-10
1852,3.1705853636605785e-08
1853,2.3727383891554826e-08
1854,6.751511718834932e-08
1855,1.3882724291966816e-06
1856,7.210252053869311e-07
1857,3.176014770703393e-07
1858,0.6145699138582658
1859,9.637263110025155e-07
1860,0.00877737740395362
1861,0.0002833164965304805
1862,1.274192732662549e-08
1863,2.9973040803213807e-07
1864,1.9120209425844477e-06
1865,1.7925980307995992e-05
1866,7.575032566088982e-09
1867,3.762973332385984e-05
1868,3.2935307512806053e-07
1869,0.00311970389888636
1870,1.980869709475319e-12
1871,7.497823226156864e-09
1872,6.560560706581912e-11
1873,6.779478442442586e-09
1874,2.741161256936072e-07
1875,4.12939385448807e-07
1876,2.0911467994596018e-05
1877,6.240618672707739e-06
1878,4.400479264993781e-08
1879,1.0718955206338626e-09
1880,2.7624202610269147e-05
1881,9.555830831230036e-09
1882,3.3593770308818037e-07
1883,2.3218481240824137e-08
1884,0.00010429822724517749
1885,2.9687518935923956e-08
1886,1.7992456704206516e-08
1887,6.206560036908888e-07
1888,1.5351849753859936e-07
1889,1.1518535556357509e-06
1890,7.169626771387677e-09
1891,1.2668574994652616e-09
1892,1.7117728700356329e-06
1893,5.11405616281691e-09
1894,2.9341407574881784e-10
1895,2.4376367741238957e-10
1896,7.722569043624785e-07
1897,9.179045055981563e-11
1898,2.352201614920603e-07
1899,2.8491414950745626e-08
1900,1.4561426241007003e-09
1901,3.296630468971329e-07
1902,1.1322834624614381e-10
1903,8.210743267313178e-09
1904,7.430435192738487e-06
1905,9.909182579807899e-09
1906,7.809914781511131e-08
1907,1.6157957982213679e-06
1908,1.4468567903344764e-08
1909,4.5251381332817933e-10
1910,1.0503832267417711e-07
1911,4.319478564690247e-10
1912,8.570156660237142e-07
1913,5.8349616475449254e-08
1914,0.009849942156397477
1915,1.786349170126219e-09
1916,6.070634818887084e-10
1917,8.596843316164913e-08
1918,4.301802272655694e-07
1919,2.1028897758042493e-05
1920,3.0765934111275006e-05
1921,3.636949660140643e-05
1922,1.3355468497373179e-08
1923,7.929224996214614e-10
1924,0.6597856097139481
1925,2.1185806974935283e-08
1926,6.274321916602465e-11
1927,0.0013502587204230428
1928,9.025651938715417e-12
1929,4.211199743880365e-06
1930,3.4435815945823454e-07
1931,7.528829944619343e-10
1932,2.0798523547420647e-07
1933,8.43945934996842e-07
1934,4.9847432140693336e-09
1935,1.2814199783274776e-08
1936,1.1272411957069441e-07
1937,3.870387360738334e-07
1938,1.638905969215723e-11
1939,8.359202829735584e-07
1940,5.493301681492885e-07
1941,1.5567079691419967e-08
1942,7.818696314846149e-08
1943,2.5546985616744237e-09
1944,0.009125184032075328
1945,1.4352398769703904e-08
1946,4.997542608572701e-09
1947,3.1984328193242206e-09
1948,1.2263404161598433e-05
1949,1.7288364405430657e-07
1950,2.257891041598208e-05
1951,1.4331662368674823e-08
1952,1.4528781751501977e-07
1953,3.877162712892825e-09
1954,1.4677855556815324e-09
1955,1.7760913939792126e-08
1956,5.368337166430333e-09
1957,5.530778699008252e-07
1958,0.00015628951281091246
1959,0.0006489224359177471
1960,2.9832530753808694e-10
1961,1.222167722395321e-09
1962,1.7445432685010175e-07
1963,0.00011525402090494846
1964,1.3241301583126029e-06
1965,3.0351752898872393e-06
1966,2.4550519390264847e-08
1967,1.442872298577823e-09
1968,2.191420953447653e-09
1969,8.895213122801515e-10
1970,1.367615427094799e-05
1971,0.09654151526277963
1972,3.546928690364628e-10
1973,1.7077603267964096e-05
1974,6.916555111268177e-07
1975,1.2048214753050428e-10
1976,6.0934826943729445e-05
1977,8.339406294398067e-08
1978,0.00010857176581700524
1979,4.50668532129509e-09
1980,1.631999450619623e-08
1981,2.5965214977781963e-09
1982,2.2614352113323905e-07
1983,3.521659277471047e-08
1984,3.3458212128835594e-07
1985,3.6500642307907397e-09
1986,1.8419941502398418e-07
1987,1.7743116511830553e-08
1988,1.0298667824432077e-08
1989,2.22169675533474e-06
1990,1.3626235586430773e-05
1991,2.1892242033746025e-07
1992,0.0006945494201424085
1993,1.1412346612659481e-05
1994,3.7633151357344318e-06
1995,3.26322456620392e-09
1996,4.276410808532679e-05
1997,4.956582087354917e-10
1998,5.260293247518008e-10
1999,3.6698311478236777e-06
2000,1.0722336058518218e-07
2001,1.2555350427321155e-09
2002,2.9493741896591845e-08
2003,3.7785315856634544e-08
2004,0.0011255339845896637
2005,3.130153788198911e-07
2006,2.2164763114147806e-06
2007,9.393906288240423e-10
2008,3.990281854714745e-08
2009,5.736393942147596e-07
2010,3.638544899323323e-08
2011,3.370329315555637e-08
2012,1.4253106134087685e-10
2013,5.285538833370385e-09
2014,0.014136274213074363
2015,4.188042402237352e-11
2016,7.671398800098139e-07
2017,2.61489754515989e-06
2018,6.656055553698745e-07
2019,0.001829886780593888
2020,2.6445564981650143e-05
2021,5.234273548976166e-06
2022,4.1485548015592284e-07
2023,8.024488790721792e-08
2024,7.544406658849419e-09
2025,1.1801063962931411e-09
2026,7.502329840325999e-06
2027,2.8914519032831113e-08
2028,3.3411620877156e-08
2029,4.658301711673465e-08
2030,2.2341333229189707e-08
2031,7.841608170696997e-07
2032,0.00022584766631643895
2033,1.04748246624889e-08
2034,0.00012039374400028514
2035,8.915850023000267e-05
2036,7.530571495990947e-09
2037,5.351076735630346e-08
2038,1.3946091065798824e-05
2039,7.308313827758142e-07
2040,3.1288408293488305e-09
2041,1.7881050242043073e-09
2042,1.0760567226050004e-08
2043,5.978492383832859e-09
2044,3.3140293027923177e-07
2045,1.1646626477721141e-08
2046,2.2942074989118705e-10
2047,1.555928419090678e-07
2048,9.63461069520747e-06
2049,2.8337034615669206e-07
2050,0.00048522157006149663
2051,5.822161951945965e-12
2052,1.5004276293522406e-09
2053,1.8503770042108622e-09
2054,1.376066673538013e-10
2055,4.1401342771805156e-08
2056,1.3120913226611863e-10
2057,4.201991354634438e-07
2058,1.0953497435099357e-10
2059,8.278699307410015e-06
2060,2.409478331619551e-10
2061,4.142188235026457e-06
2062,6.20755482289136e-09
2063,1.3989520671037902e-09
2064,0.022424328322085144
2065,1.1871944361806195e-07
2066,1.0643119033840336e-08
2067,1.3293446026620598e-07
2068,1.1378219663053954e-06
2069,9.302383832533123e-08
2070,2.9952004556222106e-07
2071,1.3064160918971696e-09
2072,1.4768444217020581e-05
2073,0.9747144549463942
2074,2.184359038215358e-09
2075,2.063924866609101e-10
2076,4.40751296534115e-05
2077,0.00010000780278398391
2078,1.2434206896161293e-09
2079,2.25166091595347e-08
2080,1.1375288728407545e-08
2081,4.473638334524079e-09
2082,7.016340433655567e-11
2083,1.8121413574218693e-07
2084,4.788673589263516e-06
2085,2.2167387019551512e-07
2086,2.0946390094590467e-09
2087,2.830627850234427e-08
2088,3.905600328187601e-09
2089,7.545409655033969e-10
2090,4.032380356140286e-08
2091,2.1652138651579876e-06
2092,6.1426820606554275e-09
2093,2.2027044904977167e-07
2094,1.0660737806386905e-05
2095,3.3189729094202774e-05
2096,8.735639861489583e-08
2097,2.620266843558541e-05
2098,5.519729987875882e-05
2099,4.331489654494299e-08
2100,2.543429424155266e-07
2101,6.070918835256595e-08
2102,3.176950785896137e-08
2103,3.7731277954004285e-10
2104,3.1808901221434225e-09
2105,1.5291421463506653e-09
2106,2.9114563204483992e-09
2107,1.0589156935081146e-07
2108,1.064863137296655e-05
2109,1.2912160753786713e-07
2110,5.6395090634223696e-05
2111,6.950129196908133e-08
2112,4.294719075987075e-09
2113,1.6232333777133866e-07
2114,8.183335543791649e-09
2115,8.458360759264456e-08
2116,1.004036863662377e-06
2117,5.2879940485689514e-08
2118,1.0525658672206369e-07
2119,6.397826014400607e-09
2120,1.6497664367287325e-08
2121,5.982159444090014e-09
2122,1.4976935146518666e-09
2123,3.003676575883206e-06
2124,1.1361733380621338e-08
2125,5.166071708070408e-09
2126,4.557778584329393e-09
2127,0.9043591187833254
2128,1.7776176033193096e-11
2129,1.3307481756048966e-07
2130,5.495817429471239e-09
2131,1.3216403121260482e-08
2132,3.143941918425424e-07
2133,3.338490472359225e-07
2134,2.8190398803632497e-07
2135,6.79366762220993e-09
2136,2.394058318221215e-08
2137,0.34497224613116595
2138,0.00042514459926962553
2139,7.613503385267222e-09
2140,1.1911092572288291e-08
2141,1.3059657978916768e-07
2142,9.550287736958736e-06
2143,4.895174866299642e-05
2144,5.8370120588070095e-06
2145,8.257509849607626e-09
2146,4.081612196076792e-09
2147,1.9697419729193196e-08
2148,1.840333510649928e-09
2149,3.554506723006333e-06
2150,7.820758047744375e-09
2151,0.00015796505520155707
2152,6.067291181884473e-08
2153,2.70585443910901e-07
2154,5.791478256230687e-07
2155,2.4193402152342267e-05
2156,4.795233493462533e-07
2157,3.860644493767388e-09
2158,5.771929947520045e-09
2159,1.056162768313067e-06
2160,2.6057424463321585e-08
2161,7.839589667627901e-06
2162,8.234754568270957e-06
2163,2.6838515997867174e-09
2164,4.945355631947159e-06
2165,2.055237034678659e-12
2166,3.078029472231e-07
2167,0.025468214745890776
2168,1.1256812904201777e-08
2169,1.1545036013431351e-07
2170,2.579936763967757e-10
2171,1.5911435494270687e-08
2172,3.817722865902003e-09
2173,1.4908526084725347e-05
2174,7.137418718768931e-08
2175,1.5438944075295126e-06
2176,1.5298294782620717e-07
2177,2.8674599606305997e-10
2178,0.00020038477023107603
2179,1.7071028319812173e-06
2180,0.00018136946897840937
2181,3.044740341248984e-10
2182,5.022019162760579e-06
2183,6.3234575490643565e-06
2184,2.5272224623647587e-08
2185,7.260677935127152e-06
2186,1.6486453518772507e-08
2187,5.639773772044807e-08
2188,2.119098247012887e-08
2189,6.662966815546244e-11
2190,2.7042383514563646e-08
2191,6.219333082148243e-10
2192,3.361523874225068e-05
2193,1.4049303125214283e-07
2194,5.7832044962619016e-09
2195,4.812607630387358e-09
2196,5.1464178882958117e-08
2197,1.765066699582244e-05
2198,4.188124288107119e-06
2199,4.8750889721971516e-08
2200,5.125818962066414e-06
2201,1.4024214468437826e-08
2202,2.1948155482004564e-08
2203,3.89283177962715e-07
2204,0.002020099670827628
2205,1.0094421558787142e-08
2206,3.6027335779000273e-09
2207,1.8070717548498815e-08
2208,4.082194660757146e-07
2209,2.087869640108318e-08
2210,6.847822877066114e-09
2211,6.486695668644595e-09
2212,4.4605646479887134e-08
2213,7.930716298864389e-08
2214,9.802765514274919e-09
2215,2.824250742257045e-10
2216,3.7855988839919155e-08
2217,0.00021316466260851087
2218,1.0937923476791741e-07
2219,3.968358060728231e-08
2220,3.130955952601166e-07
2221,0.05224768991785196
2222,1.8890611855757612e-05
2223,5.718565552888324e-10
2224,1.3196909282221862e-09
2225,0.21148631059743067
2226,6.303541427859601e-09
2227,1.44733281688118e-10
2228,3.3022260919682197e-07
2229,5.602701487460577e-07
2230,1.8214975739708456e-10
2231,2.243587538530561e-09
2232,2.1829487772730065e-08
2233,1.167783186485371e-07
2234,1.453875651041311e-06
2235,2.487721258819207e-10
2236,2.795116281501254e-08
2237,2.2937123944463006e-09
2238,2.26792830294036e-09
2239,4.03205977602756e-09
2240,7.749602074093232e-11
2241,3.045471942435523e-05
2242,1.5051357478972506e-09
2243,4.004669812251281e-05
2244,1.1789793106337689e-07
2245,1.1664144265835062e-05
2246,2.4640436424075396e-09
2247,2.8570366206776182e-09
2248,5.230881027798845e-07
2249,1.6008489163222268e-06
2250,3.0273092834197326e-08
2251,2.278143390372804e-05
2252,5.815912885333881e-07
2253,2.977263612497295e-05
2254,7.69595100197011e-11
2255,0.00012415449513172408
2256,2.2642194849488302e-10
2257,2.0309407172940958e-08
2258,2.2073062519677777e-08
2259,2.4658987584721486e-07
2260,1.3978776097210335e-08
2261,6.356520184596475e-08
2262,8.05880993042725e-06
2263,4.5193074588010845e-09
2264,6.324705150680327e-08
2265,9.029678713744848e-07
2266,3.2552071453930457e-07
2267,4.9954641186541744e-05
2268,2.2814678449755586e-05
2269,6.078062801872589e-07
2270,2.3894205978679893e-10
2271,2.9223024258856015e-07
2272,4.218335729420471e-11
2273,4.444815412061373e-08
2274,5.298790547373812e-07
2275,2.7431643844239342e-08
2276,1.534478148579243e-06
2277,4.161082612086588e-09
2278,7.653891329362443e-08
2279,2.142127096695205e-07
2280,5.559195566448277e-05
2281,0.0001138411642105379
2282,9.924136544368166e-08
2283,5.330988120181036e-10
2284,1.7932777557436323e-09
2285,1.029899921929024e-08
2286,7.471205162664113e-09
2287,0.00035620108753068496
2288,3.716748475278395e-09
2289,2.0616954211884537e-07
2290,8.382869911757102e-07
2291,6.760334681224735e-08
2292,1.7214866816281294e-09
2293,1.1944912201958304e-08
2294,2.5211020130626387e-08
2295,8.988832835835253e-07
2296,2.3333752320767583e-10
2297,7.4056898538891004e-06
2298,2.869137158391233e-07
2299,7.241902833265949e-08
2300,0.0005580642320726642
2301,5.772784900300932e-12
2302,1.2971824952790146e-05
2303,2.4622444227015154e-09
2304,4.4833838562292576e-08
2305,1.0720694017604178e-06
2306,1.646962534672944e-10
2307,8.623426337922308e-11
2308,0.21172287018983987
2309,2.5742585800965903e-06
2310,4.203530573525889e-06
2311,0.11490590576043039
2312,7.090205603672576e-09
2313,3.0606509836375594e-09
2314,1.024983022148635e-06
2315,1.0359908283056132e-08
2316,1.6352881163945758e-07
2317,0.000802317412764509
2318,6.357948625046685e-07
2319,5.5527863214368396e-09
2320,4.8060716716883024e-08
2321,1.3943975041524867e-07
2322,5.806823553346956e-10
2323,0.00012128767218417122
2324,9.836149188122077e-08
2325,0.008581492388102697
2326,2.8218727021648523e-08
2327,7.161783151590215e-09
2328,2.037264340712334e-05
2329,1.1398453524202671e-09
2330,2.1594241949896968e-08
2331,2.773586946735768e-11
2332,2.3891369312622302e-08
2333,2.313025189687437e-08
2334,2.2383466131712855e-10
2335,3.718874879106863e-05
2336,9.958838851312287e-08
2337,4.5832800127488803e-07
2338,5.273053829479742e-10
2339,7.083022170324075e-09
2340,0.00025039699625102564
2341,3.96879151724537e-07
2342,2.264898447750916e-06
2343,4.922534189988037e-05
2344,2.5342575179003186e-08
2345,5.670703737388125e-07
2346,8.61477683111289e-08
2347,5.859923102709017e-06
2348,3.0771549421010855e-07
2349,1.8734423871953774e-07
2350,1.6360537749535876e-09
2351,0.9677788673742258
2352,0.00010663976253153377
2353,6.591459167220917e-11
2354,1.7276835536131635e-08
2355,2.7181482637034635e-08
2356,7.287779321364556e-09
2357,2.977928109214308e-11
2358,3.1355462052740035e-10
2359,9.175461145296046e-09
2360,6.120416454247979e-08
2361,1.2143571439998855e-08
2362,6.111603598191363e-07
2363,3.2620356381417427e-06
2364,1.02232422914978e-10
2365,0.00016306734342043695
2366,2.1930309583998438e-07
2367,8.294877528456417e-08
2368,1.238415830924602e-07
2369,1.0637520852526624e-09
2370,7.213900120875205e-09
2371,0.0003116005953205975
2372,2.077943581057571e-09
2373,5.012861246135015e-09
2374,2.440958629042325e-09
2375,3.187356817872334e-07
2376,9.46847811449729e-10
2377,3.297775256662419e-08
2378,4.100807236114789e-09
2379,4.988824585852189e-06
2380,1.4032635391249844e-09
2381,2.416164729588255e-09
2382,2.2842782159082273e-10
2383,6.074924688009009e-08
2384,0.02354205452206926
2385,6.441355554885155e-08
2386,1.761457086543374e-08
2387,6.866746221235102e-11
2388,2.2351386467977524e-06
2389,8.630733061966453e-05
2390,2.7786357585821003e-09
2391,2.564301223868577e-07
2392,1.245568146042971e-07
2393,1.0561100691391824e-10
2394,0.0001694163599953634
2395,0.10692344697734082
2396,1.367512987836301e-09
2397,1.0487729302756835e-08
2398,3.57992136463273e-06
2399,0.0078787772060022
2400,4.6464183466014e-09
2401,7.862759401104967e-10
2402,3.817873301507794e-08
2403,4.79914859011901e-06
2404,1.6594306222378701e-09
2405,0.00016378082062233813
2406,6.322320491869464e-08
2407,2.8972797770457598e-08
2408,1.1683017873585734e-07
2409,1.368774272409734e-07
2410,3.2339957103005334e-06
2411,9.391613368875375e-09
2412,3.211673680201002e-07
2413,6.697052900546401e-08
2414,1.5893247095534025e-05
2415,1.9602781265700877e-11
2416,2.8640214015488634e-06
2417,5.905373674519011e-07
2418,0.00039133531627065526
2419,1.5352860202416463e-05
2420,1.4632414318202196e-10
2421,4.752158968715593e-08
2422,1.9596846143342333e-09
2423,5.26161238294142e-06
2424,8.670958102319405e-06
2425,0.02261245783029444
2426,1.657097092979068e-09
2427,0.3589261255372052
2428,0.5797738788158864
2429,4.588985023806213e-09
2430,3.342083319860479e-08
2431,1.5103190563120183e-08
2432,9.090897596775539e-08
2433,3.5632047616840595e-09
2434,6.031167765630141e-09
2435,4.652420295770796e-05
2436,3.3669797191505255e-09
2437,3.116469797375211e-05
2438,1.144341543558331e-09
2439,6.819671550967257e-07
2440,7.617063555746555e-08
2441,3.905919166152828e-12
2442,4.734503032784286e-10
2443,5.200780838005191e-08
2444,1.4079688781718853e-08
2445,7.624622626277208e-07
2446,1.1841046138948888e-09
2447,6.523310625439624e-11
2448,1.192775067601847e-07
2449,1.587770283513295e-06
2450,8.296970964962259e-10
2451,1.7057274154346158e-08
2452,2.1225282732469637e-08
2453,1.5831372706115157e-08
2454,7.573212601351262e-08
2455,4.7872376697191873e-08
2456,3.2322186916782736e-10
2457,3.945678711561984e-09
2458,7.528515958853381e-10
2459,2.229121231789678e-09
2460,8.192895363489783e-06
2461,3.432372663422186e-11
2462,2.7561053648854337e-09
2463,1.6737406392641293e-06
2464,4.76843202655549e-07
2465,1.296078529590905e-05
2466,3.034008520425612e-08
2467,2.1504231452144383e-11
2468,0.000346405162594909
2469,4.563251357965355e-07
2470,8.747158152311931e-08
2471,2.098327437735298e-09
2472,1.8417208506499251e-06
2473,5.118609821964354e-09
2474,9.487193501399664e-08
2475,5.043980674994253e-10
2476,5.635632820019902e-12
2477,0.0019879894127789195
2478,5.344819262543129e-09
2479,4.553984321684451e-08
2480,0.12149276791911452
2481,1.089346021712405e-06
2482,3.401304764182471e-09
2483,2.2966041107767133e-05
2484,3.975937500559136e-08
2485,1.6874913696500437e-06
2486,2.0390949704767155e-06
2487,0.0018743344404488368
2488,6.20274348009831e-08
2489,2.409425216488334e-07
2490,2.0801352775102171e-07
2491,4.89147053653944e-09
2492,1.6681249314583158e-07
2493,0.0003175545041399581
2494,8.147565579146822e-06
2495,2.886292898959421e-10
2496,2.4715264044015068e-06
2497,2.1187758925438707e-08
2498,2.3773921975947242e-05
2499,5.801234211945678e-08
2500,1.1769685648731804e-09
2501,6.562381431919142e-08
2502,7.379706101230443e-08
2503,4.982853194342455e-09
2504,1.3102391114074638e-10
2505,4.9240129549520116e-08
2506,6.816731537124775e-08
2507,1.0040551055115434e-08
2508,3.1079895604487873e-10
2509,0.002075386875558452
2510,8.754308612997056e-08
2511,4.780340121379581e-08
2512,3.5252178730572667e-06
2513,1.6967801136627086e-06
2514,1.7299751728951294e-07
2515,0.00010497237269290708
2516,1.4794523522690045e-06
2517,8.000321586118103e-09
2518,4.6464879450809084e-08
2519,2.9597885822444925e-07
2520,7.795344070829524e-08
2521,1.696630539257486e-09
2522,2.3600228926066763e-07
2523,1.0415122778176197e-05
2524,3.8003189016166293e-07
2525,2.1768839333620375e-06
2526,1.5264941142328826e-05
2527,8.353637338627489e-08
2528,2.292568265852204e-06
2529,3.5547125224104883e-09
2530,3.141778149859927e-10
2531,6.125195765615323e-10
2532,3.317500425337564e-05
2533,1.1002076385363009e-06
2534,6.343126564082495e-08
2535,3.2322828004558617e-07
2536,0.7407701180031372
2537,1.265567100611933e-09
2538,2.2416633963535966e-07
2539,1.6177209723505135e-06
2540,2.4389453673367304e-08
2541,2.505847983973044e-06
2542,7.203575453506882e-06
2543,3.492099327033541e-08
2544,9.075171310582463e-07
2545,4.672492994325478e-07
2546,3.7904022956481966e-08
2547,4.173188745837081e-11
2548,4.187968860330339e-09
2549,3.6269698128950204e-07
2550,1.0277185660138383e-06
2551,0.05102763995694276
2552,7.366522017154574e-10
2553,3.1709807637335875e-10
2554,0.000697818212965212
2555,1.1400327088095416e-09
2556,0.0004385979842752459
2557,0.00024245963969339872
2558,7.800197706650211e-08
2559,1.1852836518146966e-08
2560,2.6750915443094517e-09
2561,8.687065692375797e-09
2562,1.096402672960891e-10
2563,0.031061964655903867
2564,1.6440143267947457e-08
2565,2.2749043417148233e-08
2566,4.575439995256461e-08
2567,2.739639684948839e-07
2568,9.701564317596343e-11
2569,7.026525509057248e-10
2570,1.5196376763651484e-06
2571,5.984087315847128e-08
2572,4.5468838940794214e-10
2573,3.834720766038922e-11
2574,8.27100093926877e-06
2575,3.007173024528913e-07
2576,8.826587224306838e-05
2577,0.0040282211549109
2578,8.132770498442602e-07
2579,4.982649119769087e-07
2580,1.5047263084289499e-06
2581,4.188599021192991e-05
2582,3.6177031854326935e-10
2583,9.811790562508416e-11
2584,1.847396106101148e-10
2585,9.748095197803884e-11
2586,2.8851102565685977e-09
2587,1.4953408840128704e-06
2588,4.390755325824608e-08
2589,6.980230862911252e-11
2590,1.2250190285678224e-09
2591,6.413717181494951e-10
2592,0.45994251542253684
2593,2.7020139275175174e-07
2594,1.3509151335418051e-08
2595,2.0156155287695374e-08
2596,1.5018670301511983e-08
2597,1.0254359970426504e-05
2598,8.190928516436425e-06
2599,1.8392428603956291e-06
2600,9.028399964308585e-08
2601,7.760351577155428e-07
2602,2.437787337559755e-10
2603,6.184049970702641e-11
2604,7.944291208854096e-07
2605,5.639833449111746e-08
2606,0.007321586588487516
2607,2.0523319709507004e-06
2608,1.6817182675775036e-07
2609,0.0016928534812848954
2610,3.438454700678436e-08
2611,7.047105515185126e-09
2612,2.133719576083448e-07
2613,3.910175387519789e-05
2614,4.657653563522399e-09
2615,2.8499935170356595e-07
2616,7.855187881490267e-08
2617,2.7038451820910162e-08
2618,2.0601157277500206e-10
2619,4.167525432758353e-08
2620,1.9948569950346282e-07
2621,9.227578882167992e-06
2622,1.7860565947976245e-10
2623,0.0006526461241889609
2624,7.182673477251013e-09
2625,8.65142470955331e-09
2626,2.4553015527911417e-07
2627,1.1537832393806046e-07
2628,5.113990695971047e-10
2629,5.458764079199187e-07
2630,3.603214783256415e-05
2631,0.0004079257942743861
2632,0.0012642447905725856
2633,4.513903314385059e-08
2634,0.0015722636531055882
2635,2.322141761217994e-06
2636,6.52077017523814e-08
2637,5.095975509968747e-11
2638,8.868884039715398e-07
2639,1.0841588540219987e-07
2640,4.202512617904765e-09
2641,3.5347559458645777e-06
2642,9.29810801963563e-08
2643,0.2515806939685575
2644,5.029137827290158e-06
2645,0.00025330034334502134
2646,2.2393116060348018e-07
2647,4.904787426025006e-09
2648,1.7312749823202311e-06
2649,9.350517942388313e-06
2650,2.377814398472963e-08
2651,1.3886150517999013e-08
2652,1.2315713807534373e-07
2653,1.399134376657591e-06
2654,1.6908557504702197e-08
2655,1.4957822903290182e-08
2656,5.355699781197487e-07
2657,2.6772659029282015e-06
2658,3.1881847142662187e-06
2659,1.6574271234220135e-08
2660,4.6353760743615605e-12
2661,6.106053986835891e-08
2662,1.3135218648926196e-07
2663,4.027270495727069e-08
2664,3.767372076859829e-05
2665,0.00017344061509020256
2666,5.6849378786278096e-08
2667,1.0730893057594052e-07
2668,3.280786311972455e-06
2669,9.896362925531895e-09
2670,4.412427240102309e-06
2671,1.3015153421953088e-09
2672,5.56589661771411e-08
2673,1.1404802759917638e-06
2674,9.68605969884684e-07
2675,2.5715790280897174e-10
2676,0.0008744855603215338
2677,0.0018332928513713552
2678,9.596492236591405e-07
2679,1.2234496892399265e-06
2680,1.5584705223857195e-09
2681,4.531994623976247e-09
2682,1.6732059760280616e-08
2683,0.0015812481577782054
2684,6.624441994680028e-10
2685,1.06550510962622e-08
2686,4.5604543960797133e-07
2687,6.730183760654659e-06
2688,4.9223141187556475e-06
2689,1.0359415008492236e-05
2690,1.0906886426724177e-11
2691,3.998260484535634e-06
2692,4.241874318279432e-08
2693,8.612972960832027e-07
2694,2.843794549212112e-09
2695,7.451401874472978e-08
2696,5.393591778052432e-10
2697,2.7021623705178605e-10
2698,3.8938392545053054e-09
2699,8.579099477392773e-05
2700,3.880084710974077e-08
2701,1.696336446131133e-08
2702,2.7096629376312556e-09
2703,1.0004842128180662e-07
2704,2.2769865692493624e-08
2705,1.4040589683100064e-07
2706,9.944877527973228e-09
2707,7.605335122308363e-06
2708,0.00046687329862593537
2709,2.013987476554834e-06
2710,2.162554808721688e-08
2711,7.294152470277483e-11
2712,0.0012383728980909067
2713,0.006339932027767836
2714,0.0001502486218349052
2715,2.0353497564461197e-05
2716,6.755086937714591e-07
2717,5.7917705431779175e-05
2718,2.429432345200962e-10
2719,7.767060800454007e-07
2720,7.038543227587654e-07
2721,2.952390671238903e-09
2722,2.1680427055278697e-08
2723,1.2875992561195646e-05
2724,7.413411949256905e-08
2725,1.099521514745401e-06
2726,5.686106279574263e-05
2727,9.310205708072756e-09
2728,1.8021915882643062e-07
2729,1.403357554122608e-07
2730,3.2810668357313947e-07
2731,0.00026657161527874007
2732,8.412073743171579e-10
2733,8.090164345109962e-08
2734,4.520321564825668e-08
2735,1.0376571409368139e-07
2736,0.00010564477942038707
2737,6.3973967807384e-05
2738,0.0017078056244118124
2739,0.0018267291689800336
2740,2.1033499002458154e-10
2741,1.8323163434081453e-08
2742,1.017042830344521e-05
2743,1.1187594695770777e-09
2744,2.7743193341848265e-07
2745,7.581128394088365e-05
2746,1.6512934422234636e-07
2747,3.8808568081800447e-07
2748,1.4409745530814017e-10
2749,4.0474955731857793e-08
2750,3.4062241130923934e-07
2751,1.0080194630269254e-08
2752,1.9005553796472252e-09
2753,1.970283186205396e-09
2754,5.2287066124871475e-09
2755,2.3984544357499337e-09
2756,0.0001475613882400088
2757,1.0616434725646917e-07
2758,8.308796637664204e-06
2759,1.3021343890544498e-08
2760,1.3433528593278902e-09
2761,8.6370629310483e-07
2762,0.00029211407319198833
2763,4.742944698506734e-09
2764,8.088605493538445e-10
2765,8.72633758614304e-09
2766,0.00011454675700872801
2767,5.789406904181426e-08
2768,1.427034318424931e-08
2769,5.546952882020916e-07
2770,4.6486515138532873e-07
2771,7.88484568668113e-08
2772,1.7060524621223322e-09
2773,1.955954181474115e-05
2774,2.7647826672376776e-10
2775,4.850113038634197e-09
2776,1.3354896146103685e-10
2777,0.9585283468603777
2778,4.3651081297114566e-10
2779,1.166611656567155e-11
2780,2.060722655263502e-07
2781,4.436969327144668e-06
2782,1.1495965796639251e-07
2783,5.320107843365294e-05
2784,7.211548660616638e-07
2785,1.1396201596156151e-05
2786,3.5238218802436825e-09
2787,5.012842020523027e-06
2788,1.0947024352538522e-08
2789,9.035163396281961e-05
2790,3.4034536047335698e-09
2791,2.818421705595851e-10
2792,0.12297286063756371
2793,3.770347682058147e-08
2794,6.218589936822617e-06
2795,5.324448891353364e-08
2796,1.058081409831155e-08
2797,3.551610345996782e-10
2798,3.330954815761457e-08
2799,1.5232731162235875e-06
2800,2.3364858536228732e-09
2801,8.824367978459461e-10
2802,2.1962921956316093e-07
2803,4.7581679664832024e-07
2804,4.4497146440205246e-06
2805,2.0535449911885176e-07
2806,3.6875632393535306e-06
2807,1.734700165896575e-05
2808,9.919240326186709e-06
2809,1.3138891217756421e-06
2810,2.437789507104669e-09
2811,5.437729347489426e-09
2812,3.598683658696129e-11
2813,0.012468420553153524
2814,3.13391053863468e-09
2815,1.6146827434455462e-07
2816,5.5633823579465576e-08
2817,2.947609272143412e-11
2818,6.582717439394935e-08
2819,6.197684350278259e-05
2820,0.018412760831506624
2821,3.863394644726364e-09
2822,3.6057547132851866e-05
2823,2.014444571590321e-07
2824,0.004160501215156731
2825,5.250217194107549e-10
2826,3.4422469433782145e-08
2827,7.386736569014427e-07
2828,1.5661155652898046e-06
2829,7.14623141644012e-08
2830,7.36229265797773e-09
2831,1.2797033533817294e-05
2832,4.832863850282378e-09
2833,3.801422345747352e-09
2834,5.453915252943383e-07
2835,2.4449788879291975e-08
2836,3.458842203652586e-08
2837,0.00521690187887172
2838,2.4440925958312044e-06
2839,5.726422257796757e-07
2840,9.80127716260456e-07
2841,1.7009540419849354e-10
2842,0.610397843110839
2843,9.161603417604055e-06
2844,2.862777678042329e-06
2845,1.2832660738833557e-10
2846,1.131055618374971e-05
2847,1.1232739576527526e-06
2848,6.432788746745167e-08
2849,1.2807846537595053e-08
2850,1.1182372501103113e-08
2851,0.000253950979601005
2852,5.049550698894252e-08
2853,7.832902130751475e-06
2854,4.2718279241931715e-05
2855,7.977894997188378e-10
2856,0.0012909989734555434
2857,4.622361275521854e-10
2858,1.5218636008882363e-09
2859,0.0014188187734512252
2860,0.00011267751831641124
2861,1.609982690251936e-05
2862,0.0008211074867788047
2863,2.674847978589881e-10
2864,0.8823295980369474
2865,1.4152644472604948e-05
2866,7.35285996279585e-12
2867,7.932035427747086e-11
2868,2.548735121383513e-07
2869,1.966066935514797e-07
2870,4.696095152232047e-09
2871,8.615193895976225e-07
2872,1.511309748809331e-06
2873,2.386267894770402e-07
2874,0.024454411281676608
2875,2.8006434024796818e-11
2876,0.001244949366642218
2877,5.910317426688007e-05
2878,3.895951279658659e-07
2879,0.006930841541910031
2880,6.601992764947943e-06
2881,5.455732040391976e-10
2882,1.7144142248297275e-09
2883,1.5425442273853814e-05
2884,8.716505976644257e-09
2885,4.294789179418605e-09
2886,2.4925541774774913e-08
2887,8.374097199667393e-09
2888,1.7688527684407294e-07
2889,3.271665089862684e-11
2890,0.00013880100194427653
2891,1.599946252056673e-06
2892,0.01582094360697069
2893,1.6605003782512035e-08
2894,5.780114932512934e-06
2895,6.04349999129165e-08
2896,4.9482530451295e-06
2897,3.568715383293902e-09
2898,2.4435798445037817e-08
2899,0.00011347780526220078
2900,6.330849051490421e-07
2901,2.7907967588231014e-08
2902,9.670805020484524e-09
2903,2.1574641591189843e-08
2904,5.420621649110321e-09
2905,2.8176522207935463e-09
2906,7.074694602699612e-09
2907,0.000961347234115849
2908,3.634831044820325e-09
2909,5.653434420365278e-08
2910,7.732245768482471e-09
2911,2.1796049091110478e-08
2912,1.2875338191026797e-08
2913,3.4144962335727365e-08
2914,9.70574052759339e-09
2915,4.202300709672166e-09
2916,1.2652338793384697e-06
2917,3.626584043211387e-07
2918,1.615341445861455e-08
2919,1.3688454183026495e-09
2920,1.0099672433801704e-05
2921,3.4890308463874876e-08
2922,5.495489112569935e-10
2923,0.00023036485957613783
2924,1.0587017742578665e-06
2925,5.796221383846949e-07
2926,3.0249807506947516e-08
2927,2.7777029939989117e-10
2928,1.1638829152477823e-09
2929,6.226951445223463e-06
2930,6.6008217350192515e-06
2931,2.528255953775309e-05
2932,5.316725797963761e-07
2933,7.161698870440059e-09
2934,1.4037667347926527e-08
2935,2.3235077683518406e-07
2936,0.014927312725438343
2937,2.8473867164161694e-06
2938,4.1415677716311946e-05
2939,9.611566269804637e-10
2940,2.2740054690150237e-08
2941,6.140843569937147e-08
2942,5.099097479858862e-09
2943,3.85323266540529e-08
2944,0.0031576693245032768
2945,3.577738105843965e-06
2946,2.582222104855248e-10
2947,1.2298013304179134e-06
2948,9.02313230879408e-07
2949,4.4958675031316466e-07
2950,2.138894830859713e-07
2951,1.868842908944713e-08
2952,0.2671281636144186
2953,2.726420892039954e-08
2954,3.535426031820135e-11
2955,7.77172431259144e-08
2956,0.00014506738311501906
2957,4.807504174423546e-09
2958,0.0003038381056856875
2959,1.7785070240365874e-06
2960,7.423352968065172e-09
2961,2.13172430195741e-09
2962,1.035529043170997e-07
2963,5.830462771562056e-10
2964,1.7395024015346938e-09
2965,1.0570569815146402e-07
2966,4.238339231436688e-09
2967,2.4868542290656606e-11
2968,7.819152009898432e-07
2969,9.279192502194298e-07
2970,3.6907962392123356e-10
2971,7.427696128577504e-05
2972,1.377000901596653e-08
2973,0.29239890710079075
2974,1.0731293603879784e-08
2975,1.378462043870676e-07
2976,2.4019805613316115e-09
2977,1.5692130259675498e-05
2978,8.186559029131495e-09
2979,3.348023742056456e-05
2980,1.851008559826491e-06
2981,5.56345213212103e-07
2982,8.4233946301519e-08
2983,5.1934375487045005e-06
2984,7.947806711942889e-08
2985,2.441729563658757e-08
2986,2.05765717741595e-09
2987,1.4489506107390184e-07
2988,1.0155079491133866e-07
2989,3.2656620744840336e-07
2990,7.54760429510921e-11
2991,5.544083981439805e-07
2992,1.2358430873709785e-09
2993,6.481126693911896e-09
2994,6.690436216460229e-08
2995,5.946652034039161e-08
2996,8.938652349061414e-09
2997,1.1473265030994863e-10
2998,5.223558927996869e-06
2999,1.558814066409898e-07
3000,2.1449666349117984e-09
3001,5.1640172945768964e-08
3002,3.552473040178783e-07
3003,6.644850990056722e-05
3004,9.012074555133278e-11
3005,3.228526590744773e-08
3006,9.570747417687653e-08
3007,3.934063186835437e-12
3008,1.334980386617769e-07
3009,1.8657090408130238e-10
3010,5.6087052663632515e-08
3011,2.439918146884252e-07
3012,6.196124842662144e-08
3013,1.857917423562594e-06
3014,3.365228213472193e-05
3015,2.7172289291714746e-05
3016,1.1463946872179569e-06
3017,1.706241612951347e-05
3018,1.4194745399389132e-10
3019,3.4201501401883716e-09
3020,0.00011116323932191692
3021,1.0468546904091256e-07
3022,5.22534951309892e-08
3023,1.818966463994935e-08
3024,2.990036852496776e-10
3025,3.3727457535383e-08
3026,9.820387383107167e-06
3027,3.5169433416883976e-07
3028,0.0001156112724606408
3029,1.0425015323570678e-11
3030,0.00014163946214392815
3031,6.030172494650263e-09
3032,3.2007759951443087e-10
3033,8.411227978797597e-09
3034,1.5726017098353537e-05
3035,3.691998883269944e-05
3036,2.0918448286483809e-07
3037,1.8014999944210933e-05
3038,2.599203440535859e-11
3039,1.8400829134515176e-06
3040,2.8444914464167358e-05
3041,4.423354510346743e-06
3042,3.724494076441183e-08
3043,3.8708015294953936e-11
3044,2.236484591768221e-05
3045,3.411152026192527e-08
3046,1.5553003902750716e-07
3047,9.56237014258935e-10
3048,1.924530616645983e-06
3049,4.0519141499033054e-10
3050,2.320437365607075e-07
3051,0.20931035727194486
3052,6.356528695983794e-08
3053,9.452539940483846e-08
3054,0.5318789182881134
3055,0.0014764927512918233
3056,1.1872052323167609e-08
3057,2.3755092452756336e-09
3058,2.5927158192934552e-05
3059,1.924752690754603e-07
3060,8.534938798833384e-06
3061,1.836519205522526e-08
3062,3.0786504337106923e-07
3063,1.7474483475342575e-08
3064,1.6116071409194577e-11
3065,2.9400578029739152e-08
3066,4.466273453978451e-06
3067,3.332360738851577e-08
3068,0.02920566235170167
3069,2.7483191514280304e-06
3070,0.022759743300970865
3071,3.7206829549520387e-10
3072,1.8305401420444202e-08
3073,7.781903477126848e-07
3074,8.036965712680012e-09
3075,1.0817575958064105e-09
3076,7.095613233324232e-07
3077,1.4127635698692938e-07
3078,4.076164048754786e-07
3079,8.315589899441575e-07
3080,4.217023844746319e-05
3081,0.3292035577913039
3082,4.040281825181756e-08
3083,7.728131077373498e-07
3084,1.162887356473277e-10
3085,2.3541803326286786e-08
3086,9.02715607838706e-05
3087,1.8413671006567325e-05
3088,1.950374273682234e-05
3089,0.00035340375309079043
3090,9.099058603833875e-08
3091,1.1801488294865894e-08
3092,3.38561845112512e-09
3093,1.264975939460764e-07
3094,4.8795523254315865e-08
3095,1.412757164656481e-06
3096,4.980169316540139e-10
3097,9.455644301886134e-06
3098,2.0768060810905308e-10
3099,8.150626951931304e-09
3100,3.894830776467048e-06
3101,5.156007226561988e-08
3102,1.592003068091702e-07
3103,8.001365187064589e-07
3104,3.6900688817894318e-09
3105,5.777612113404164e-07
3106,1.1873453946066905e-08
3107,2.1964402421264764e-09
3108,7.478623780307848e-09
3109,4.048554500615421e-10
3110,2.3518806174741794e-06
3111,8.053232168997535e-07
3112,3.138697036114068e-07
3113,1.4886292169818283e-05
3114,3.3134120767646627e-09
3115,4.2860473809361164e-05
3116,1.3839124616427028e-08
3117,0.10446156079164107
3118,9.260713995944528e-10
3119,3.658988153401452e-09
3120,3.013789521926059e-09
3121,9.154740863760899e-10
3122,2.6952358083515904e-09
3123,0.0005480881023329712
3124,1.0878515888438683e-07
3125,6.392420975714245e-07
3126,2.3921387394779884e-05
3127,2.8379396287782097e-08
3128,3.321369911361329e-08
3129,8.828005648655363e-08
3130,8.2944680966553e-07
3131,1.2136479155890057e-05
3132,4.235965991930311e-08
3133,1.4834534506034406e-07
3134,0.00022233018823170544
3135,6.911430694788383e-08
3136,0.0006141441003158939
3137,2.5047842212468097e-07
3138,1.009882457533314e-07
3139,5.7669362121075883e-08
3140,3.8137567698160336e-05
3141,3.878037222871179e-08
3142,0.0035167923371714586
3143,1.8906419092759534e-06
3144,2.8749047452537253e-06
3145,7.894868721494084e-07
3146,9.069303468671165e-08
3147,4.1823328083576327e-07
3148,7.439176800745553e-09
3149,1.6232470330049462e-08
3150,1.7224763797408096e-10
3151,4.3707747593167616e-08
3152,2.8555708433771012e-06
3153,4.987070552740201e-06
3154,4.350352696552764e-09
3155,0.012829650838877308
3156,0.006482133576066212
3157,2.981727658432513e-07
3158,2.365064346008003e-08
3159,5.27100719662841e-05
3160,4.923231472726753e-10
3161,1.3163928350837135e-10
3162,5.922033330475609e-09
3163,5.219825948244082e-05
3164,1.3491969688629624e-07
3165,7.160928784024124e-07
3166,0.39850554351745743
3167,3.0289954536096784e-07
3168,1.981850724183228e-07
3169,1.864487735952759e-08
3170,9.390704535902077e-05
3171,9.25823095990292e-08
3172,2.72529790703165e-09
3173,3.447553070595178e-08
3174,2.9208445599629907e-07
3175,4.0704699996011493e-10
3176,8.504251982906616e-09
3177,1.312000703293996e-06
3178,5.046343152145404e-08
3179,5.3723125231805655e-08
3180,3.891906726489883e-09
3181,1.8462706743399575e-09
3182,3.76429682345197e-08
3183,7.894060447565741e-06
3184,0.001000991460475017
3185,0.008122578363518105
3186,1.2995407191524047e-06
3187,6.888007927172682e-06
3188,1.0021147688339212e-06
3189,6.120703321844888e-06
3190,3.3936674209477726e-07
3191,3.432301866439613e-10
3192,2.945592125452599e-08
3193,1.138050766148348e-08
3194,1.9607624154242217e-08
3195,7.967072209449231e-09
3196,8.236350279813848e-09
3197,0.0002797668971170444
3198,3.190215706727155e-09
3199,7.674069043462996e-09
3200,2.0682375582888333e-08
3201,1.3681323504942797e-07
3202,0.00047455136855937294
3203,1.5106694157050525e-09
3204,2.8589206973040555e-09
3205,6.922038608337274e-09
3206,6.595156959313329e-06
3207,3.845593450828939e-09
3208,9.285930668002802e-09
3209,3.203507357614537e-07
3210,4.2096751770327594e-05
3211,9.129556087070024e-08
3212,2.164541272236312e-09
3213,9.480435099998622e-10
3214,0.12094095459426243
3215,2.2951615172823464e-09
3216,6.05342547346369e-09
3217,1.6044415470921693e-07
3218,1.7482306122557228e-05
3219,1.0418882669361707e-09
3220,3.349043521364397e-09
3221,3.994073882680667e-09
3222,8.659533158692715e-06
3223,3.061801242399251e-07
3224,8.178820894492338e-12
3225,3.596929680513441e-08
3226,3.3319488492561813e-09
3227,9.722739933418132e-08
3228,1.060223407052942e-08
3229,2.9420416437499263e-09
3230,2.2667798239533208e-08
3231,0.567865042086199
3232,1.8365991756751603e-09
3233,0.2959414172244702
3234,2.3773186815560365e-09
3235,9.491074912114298e-05
3236,5.432967820262184e-05
3237,1.0833916745051333e-06
3238,3.4137746242257066e-07
3239,4.096612189471282e-09
3240,7.152524302284147e-08
3241,8.181668736004567e-06
3242,6.099835142741698e-08
3243,8.233105935632893e-06
3244,1.9105989627178784e-07
3245,2.2852375895740663e-08
3246,1.0025874467863204e-10
3247,8.234633373472426e-05
3248,6.289624114709944e-08
3249,1.6205742495585758e-05
3250,2.3280780509732277e-07
3251,1.8878700810314278e-08
3252,5.5606293913126825e-11
3253,2.9938507413918063e-06
3254,2.970041394959567e-07
3255,4.6488846278539866e-05
3256,1.018591317444684e-10
3257,2.0987655039565942e-07
3258,1.4205027266756775e-07
3259,1.356370600515929e-07
3260,5.3722076733281485e-09
3261,2.7725421215973574e-10
3262,1.8174989361849417e-08
3263,8.272633355231429e-08
3264,3.1927815172398386e-08
3265,9.82044848817312e-10
3266,1.2912150078715002e-07
3267,2.9458022320432224e-07
3268,1.773703450422067e-09
3269,6.982365441166913e-06
3270,2.132999787575379e-10
3271,8.240010059691666e-07
3272,2.0228999126131268e-08
3273,3.9906856475882176e-08
3274,6.009895315836805e-10
3275,1.7224265352552746e-08
3276,1.7836980992801565e-05
3277,2.179676340115264e-06
3278,1.5664589341996027e-08
3279,5.430255589695717e-07
3280,5.4561751101047867e-08
3281,3.2386487890241775e-08
3282,5.90936893563919e-07
3283,4.614273333035248e-08
3284,6.964208865656059e-10
3285,2.667748784794035e-07
3286,1.612682621361509e-05
3287,6.0725845519748426e-05
3288,1.1576248588684515e-08
3289,2.3000085793552137e-10
3290,5.38998567792114e-07
3291,3.3279521134386994e-09
3292,3.261717105172705e-06
3293,2.799459487753278e-07
3294,6.472304898284163e-11
3295,1.4270807183643195e-06
3296,0.00023093567890805416
3297,4.95605713680191e-11
3298,2.650446213565781e-07
3299,1.6845522765529076e-06
3300,1.1794190359474697e-05
3301,3.1145301602945784e-08
3302,1.012083527092442e-09
3303,1.462812383445885e-07
3304,6.740462990479611e-09
3305,1.1543810366269545e-08
3306,1.283488264299943e-07
3307,1.0470020145382037e-08
3308,3.2200302918692934e-05
3309,2.647178554785407e-08
3310,3.2714985249985666e-10
3311,6.62964118860417e-07
3312,2.2819013532362285e-07
3313,7.880885627061347e-07
3314,4.2743324903018867e-07
3315,2.871833439374236e-09
3316,2.0339071714689132e-07
3317,9.852642810095565e-09
3318,0.0018717005165807877
3319,0.004069460127568035
3320,8.49758089029047e-11
3321,2.1243736677176342e-10
3322,9.029936887506383e-08
3323,2.031585829541368e-07
3324,9.82827940328523e-10
3325,1.2001197415644683e-05
3326,0.00042312353990407394
3327,4.598846652513121e-05
3328,5.15751877846151e-10
3329,1.4337437604318242e-06
3330,1.824424434790079e-06
3331,0.00014000407091652073
3332,2.8327944957820862e-11
3333,1.7705553784863058e-09
3334,6.977177487509651e-05
3335,3.86213504842173e-12
3336,1.0398023254491802e-05
3337,2.423017369491578e-05
3338,8.035123466096745e-07
3339,3.2665523963883524e-09
3340,0.0008929707864601231
3341,3.118858395280588e-12
3342,8.886881416889997e-05
3343,0.006915295490453761
3344,0.00010540268680316168
3345,3.4985651251138464e-05
3346,0.009051889359983504
3347,9.877669121270062e-09
3348,7.548844440901559e-09
3349,2.1952566875242427e-09
3350,3.237151488318113e-10
3351,3.3104166528847704e-08
3352,5.660517548188513e-05
3353,2.1684006981408503e-08
3354,5.792570699246598e-06
3355,1.4659029370972398e-08
3356,1.9810997380140618e-08
3357,9.675799262313952e-13
3358,1.893351294753964e-07
3359,2.265496509088216e-06
3360,1.0615292544422766e-09
3361,6.396850225019685e-07
3362,4.286559371131465e-06
3363,1.2119191209047734e-06
3364,8.318804370936186e-07
3365,3.1118242394302916e-07
3366,1.8272663269992684e-06
3367,1.1373276494727246e-05
3368,4.564314466959539e-08
3369,4.6749205302557266e-07
3370,3.0688325847606947e-10
3371,3.3423019760980836e-08
3372,2.310253683424956e-08
3373,4.5742930279006386e-05
3374,5.195069377684425e-07
3375,1.3237072246282935e-06
3376,5.3511963262498694e-09
3377,2.0346880469208925e-10
3378,1.5206626453309463e-11
3379,1.0722149464461402e-08
3380,5.849697074032583e-06
3381,1.6033234069434554e-08
3382,1.9181635957077978e-08
3383,4.814355431531105e-09
3384,2.3858353188390997e-10
3385,6.968469926367942e-09
3386,2.403607341083959e-06
3387,1.8802662639618965e-08
3388,4.451629916661431e-05
3389,6.405733415928657e-10
3390,7.840680082311028e-09
3391,0.0002109762632681653
3392,1.2571166931053482e-07
3393,7.691827460199943e-07
3394,1.1890086044227276e-05
3395,2.022126626030057e-11
3396,4.8828794682961e-06
3397,2.243459673101185e-11
3398,3.8786413032123563e-10
3399,6.643763606194838e-06
3400,8.321787129997865e-05
3401,3.471563256294349e-05
3402,0.010677428854449205
3403,3.6761759255144428e-06
3404,4.388940630816343e-09
3405,3.0896740538418604e-09
3406,2.2257766518600354e-08
3407,0.000543231352008536
3408,5.347802022141918e-10
3409,1.19991112388065e-07
3410,2.1886747685131375e-05
3411,6.086043725118365e-10
3412,0.00015243039671136276
3413,6.542330621012155e-07
3414,7.171859316606351e-08
3415,1.4403851219851723e-09
3416,1.999548062678019e-05
3417,2.7000281848210253e-07
3418,1.0083166634633143e-09
3419,2.819409727825544e-09
3420,1.101593803211959e-10
3421,3.437909641269313e-07
3422,4.263045754522707e-09
3423,8.600311431210512e-07
3424,2.3158866662579216e-10
3425,9.497562772478884e-11
3426,1.5739705685766134e-10
3427,5.08747604057063e-05
3428,1.0210207876831736e-07
3429,0.17838256742091574
3430,2.7196550626609207e-05
3431,1.0976269215615395e-06
3432,0.910140885327951
3433,0.00041418593330503863
3434,2.183432802295231e-09
3435,1.7038021119128782e-08
3436,5.109912541417458e-07
3437,4.402640678639632e-08
3438,1.4945609938570902e-09
3439,0.007615861701178643
3440,4.181314314986763e-07
3441,4.5316003798268426e-07
3442,8.384656989962987e-07
3443,5.826081190192083e-07
3444,4.638962117337602e-06
3445,1.8014547048309842e-10
3446,8.481946339027375e-06
3447,5.331095327389477e-10
3448,2.5831943488457966e-06
3449,1.5056571520965174e-07
3450,6.897897428181494e-07
3451,7.322036063777802e-07
3452,5.0832212954396796e-05
3453,6.923376520015664e-09
3454,7.752269579005307e-08
3455,0.00011853779237298973
3456,1.0859737567082008e-09
3457,5.9757616148581905e-09
3458,1.1297449372445464e-08
3459,2.1185658993564703e-08
3460,3.8896567943372806e-08
3461,9.094987456565498e-08
3462,7.216415946667264e-07
3463,7.221076684265992e-06
3464,1.1125263168161284e-06
3465,1.0147681327767777e-05
3466,2.67697115141604e-05
3467,3.066600798720584e-08
3468,7.453277378336469e-11
3469,0.000713577936379588
3470,7.856431180399076e-06
3471,1.8815691184523843e-07
3472,1.803634431138018e-05
3473,1.4991966116521527e-08
3474,3.763705105071508e-09
3475,2.4001571036119574e-06
3476,3.9742539973930896e-07
3477,7.608782378518525e-08
3478,5.612262291211325e-11
3479,2.4325980966154952e-08
3480,1.2358574466695408e-09
3481,4.011008351245177e-08
3482,3.5976617801723496e-11
3483,5.6830751521706754e-11
3484,6.451587059589416e-07
3485,6.454891687237828e-06
3486,4.698637354033676e-07
3487,2.7628912192546386e-05
3488,2.2279957709921595e-05
3489,0.07112802788662505
3490,1.4531061655189399e-08
3491,2.6095027564568858e-06
3492,2.6794969234871267e-07
3493,3.7027823944414127e-07
3494,5.303090477972443e-07
3495,0.08547094454645468
3496,0.004933796104299041
3497,0.007108562400998742
3498,4.89197384449787e-07
3499,0.00016115623072761453
3500,8.793396646580957e-11
3501,6.415470938396112e-08
3502,2.3156993416486657e-07
3503,1.432972668562514e-08
3504,2.3343341353937394e-07
3505,5.806563095767142e-09
3506,3.416984268969674e-07
3507,0.0004698237780249074
3508,7.84877569167274e-08
3509,5.203277523067447e-06
3510,6.40582668652106e-08
3511,9.081660695813998e-08
3512,1.4094211021324827e-08
3513,1.6596212167511982e-06
3514,2.5858649202669626e-09
3515,7.070236752332637e-07
3516,8.935852661802917e-06
3517,9.214021667687472e-07
3518,7.413867979065649e-10
3519,2.4638672620326393e-05
3520,1.0443463184094332e-05
3521,2.1024839492192988e-08
3522,2.0843125798105282e-10
3523,1.9927254730609053e-07
3524,8.87381007559961e-09
3525,3.7065332741013736e-05
3526,0.0001442622626885559
3527,0.0716398052333038
3528,8.283338854068062e-06
3529,6.4606302761815555e-09
3530,6.830380870093694e-10
3531,9.495831029046346e-08
3532,0.0003736871592238573
3533,1.2695199411047627e-05
3534,4.8609286494706615e-05
3535,1.0506583738321222e-07
3536,1.1961300587400607e-05
3537,1.2383858591165454e-08
3538,2.174893355268259e-06
3539,9.647470013418889e-09
3540,0.00028930194049111186
3541,1.202837813965355e-11
3542,0.0006345133808582356
3543,3.4224118566520185e-07
3544,0.576077289303499
3545,4.280933606236551e-08
3546,1.683642478363491e-08
3547,4.321855306605109e-05
3548,2.358774528345173e-10
3549,4.059597353209754e-07
3550,1.1700712769850587e-06
3551,1.1039023683495984e-09
3552,7.21343886530121e-05
3553,0.00012722214894219963
3554,0.0004161016022246609
3555,1.1893325929503962e-07
3556,0.014385696864566843
3557,3.406526941142901e-09
3558,7.918828044119543e-09
3559,1.3786397965083833e-07
3560,2.6441387959290264e-07
3561,6.892135901003062e-06
3562,2.451146427717269e-08
3563,7.188137571206726e-11
3564,2.3074276086834598e-07
3565,4.883841294540082e-09
3566,8.334563092936523e-06
3567,0.00012472915169482968
3568,3.4005329588995987e-09
3569,0.001797693363378087
3570,1.6254364114682945e-05
3571,1.866891919468234e-07
3572,0.5232895808417187
3573,1.0934000117271457e-06
3574,2.4641405879010806e-08
3575,3.649102378964317e-11
3576,3.5892265146702254e-07
3577,1.1220173975753333e-08
3578,2.5444288189824933e-06
3579,7.188376471897053e-09
3580,3.26201722573118e-08
3581,3.931778559612019e-10
3582,4.412279893726361e-08
3583,0.004649709749657864
3584,1.0538341264700649e-10
3585,3.9466221370115523e-07
3586,1.4352788387413574e-07
3587,2.971736875711152e-07
3588,8.000248397742901e-11
3589,3.996678715754734e-06
3590,1.7506140925907378e-09
3591,0.01379181047719735
3592,2.463259002774472e-07
3593,1.8704284697333142e-09
3594,5.586634012358871e-09
3595,3.486172983603954e-10
3596,0.00707235706735487
3597,2.6996909813041547e-06
3598,2.836915555742049e-08
3599,3.0479511463202485e-09
3600,3.4066272966584374e-07
3601,1.777235891789441e-08
3602,9.684555586137213e-13
3603,1.0050153089320282e-07
3604,1.413513363288457e-06
3605,1.0837474221132529e-09
3606,1.797880952601481e-11
3607,7.256577468591038e-07
3608,6.45740964056315e-06
3609,4.5524600920095636e-10
3610,1.435741073672422e-06
3611,2.6598450431013457e-06
3612,5.087622303555414e-06
3613,2.524079781611522e-10
3614,8.10794644084013e-08
3615,1.2667310295798159e-08
3616,2.040512146403702e-09
3617,5.2074637359064536e-05
3618,5.199524780392879e-08
3619,2.1306627424546356e-07
3620,1.568892756020589e-08
3621,4.7243669634394734e-11
3622,3.697630078679366e-07
3623,8.552565794831405e-06
3624,2.3167636293849257e-06
3625,0.01925738948834933
3626,3.547708851896091e-08
3627,1.7145746672291486e-06
3628,1.1624802504682457e-08
3629,6.612541720376609e-05
3630,1.893251431493745e-08
3631,8.471794230040353e-10
3632,1.468542005967762e-06
3633,3.536993260297883e-10
3634,1.5285682493219825e-09
3635,7.623574853740418e-07
3636,4.850857520689375e-07
3637,4.464760005443697e-08
3638,0.00023691312225555583
3639,5.578680285951424e-06
3640,0.004792222768613347
3641,1.0549691433875436e-07
3642,1.3424955155438892e-08
3643,1.3897811996135513e-07
3644,1.1818693455435154e-09
3645,4.784334852251585e-09
3646,1.3550898964539688e-08
3647,2.7494493010560934e-06
3648,4.056496537902809e-09
3649,6.336901875508796e-05
3650,4.817132207535401e-07
3651,0.0007572776714609558
3652,1.8496955921309185e-09
3653,3.1281023832242353e-09
3654,5.878783073595735e-11
3655,2.7632156289865797e-05
3656,8.320022584433338e-07
3657,4.9097579813403306e-08
3658,0.0026246321698595665
3659,2.1013441966239113e-09
3660,0.0026630202309661276
3661,5.339154928375351e-06
3662,7.645678284029706e-07
3663,0.00019033039543950474
3664,1.4140350710227923e-07
3665,5.20056065389762e-09
3666,1.0046140031532665e-06
3667,1.660167663663189e-11
3668,7.276089470256845e-08
3669,2.4569237004559426e-10
3670,9.94747466852324e-10
3671,0.032155735544152665
3672,1.4403044919716884e-09
3673,9.933882146721678e-09
3674,3.533960274027319e-11
3675,3.687744344986605e-05
3676,1.1754199278716071e-07
3677,1.044896342450021e-09
3678,6.77662703956532e-07
3679,1.2856917353943087e-08
3680,6.689961772600425e-06
3681,7.035410280504588e-11
3682,1.385430122272089e-06
3683,1.1143759197824142e-11
3684,4.214959372114489e-10
3685,1.0789956943850539e-05
3686,2.2018343180159843e-07
3687,3.030433603256208e-06
3688,0.04744760659834961
3689,4.920578371300001e-07
3690,0.006535668815661702
3691,8.476276940362408e-08
3692,3.417771687088416e-09
3693,0.002160927207259742
3694,1.557029993981298e-07
3695,8.016020592944719e-05
3696,7.344484189975372e-10
3697,0.020413319337811032
3698,4.188892473169447e-10
3699,4.943169425773273e-05
3700,2.0279887988597193e-09
3701,1.6606166772344785e-10
3702,2.5887918930941533e-07
3703,7.711773556073161e-07
3704,9.658948523887553e-10
3705,3.9030199939120325e-05
3706,4.463874435557104e-07
3707,7.768690831950333e-09
3708,0.0014754471453663506
3709,9.369133490175339e-07
3710,6.207816191981741e-05
3711,1.1938380434009087e-09
3712,1.2924243282693054e-07
3713,3.187921547393285e-09
3714,1.0543054609390255e-06
3715,6.093588481811192e-09
3716,0.7239975574890238
3717,6.245564246945181e-05
3718,3.1925061446528995e-06
3719,3.208703753833496e-08
3720,6.731023485083062e-07
3721,0.021797385038597683
3722,7.153087702875465e-07
3723,1.7255583773285875e-07
3724,1.0239862719678918e-08
3725,9.239988572602538e-08
3726,1.3807287569544676e-05
3727,4.687362047131056e-09
3728,4.895499833503893e-10
3729,1.213698887624613e-07
3730,9.550967273722327e-07
3731,6.458303070717049e-09
3732,3.954912265832063e-08
3733,1.0463585316526835e-10
3734,8.770984107369858e-09
3735,3.0689704261164667e-08
3736,1.503710717639416e-06
3737,1.9588988944083938e-08
3738,6.629713074300402e-07
3739,0.641131535263778
3740,4.347530487751701e-08
3741,1.1719568451246115e-09
3742,6.05702003801188e-06
3743,2.5296995108125848e-06
3744,9.298349069041275e-08
3745,1.4617929517838147e-07
3746,8.576826885806245e-08
3747,7.964815474024402e-05
3748,2.750489877247139e-08
3749,0.00011318835319814207
3750,2.1472719542964213e-05
3751,7.42602559744485e-07
3752,3.2029261186669177e-09
3753,1.1251773608758815e-06
3754,5.617696145801128e-10
3755,1.2635115670185158e-05
3756,2.789054811292199e-07
3757,1.7308597591545368e-09
3758,8.69596792983829e-09
3759,7.089315285689462e-07
3760,4.711309863514077e-09
3761,6.499104945914786e-09
3762,3.108963971892229e-07
3763,4.148379135629523e-06
3764,3.716950128821242e-11
3765,7.768285686116705e-06
3766,1.5445967597758962e-11
3767,2.993411290159216e-07
3768,1.830394102678701e-08
3769,1.9208291614336896e-07
3770,1.1403993403236533e-06
3771,4.0194621408805337e-10
3772,1.6068558859887223e-06
3773,3.603822287425868e-05
3774,2.944696185724657e-07
3775,1.4953099815319908e-08
3776,1.1026340316103805e-06
3777,0.00011733205458113649
3778,4.814556224395113e-07
3779,6.524029976658804e-08
3780,1.7315603832773244e-08
3781,3.897892901211678e-09
3782,3.944586187217145e-09
3783,2.301918862406614e-09
3784,4.74123459113146e-07
3785,4.943205838523834e-08
3786,3.3088040337170356e-08
3787,5.5770322701584675e-05
3788,5.021214332534451e-12
3789,2.8389264556702775e-09
3790,6.867861769033675e-08
3791,3.919242062161141e-08
3792,6.871592795573934e-07
3793,9.024900358826942e-08
3794,1.903358603190134e-08
3795,1.6844856467152354e-06
3796,1.3553446225690268e-06
3797,1.1421828951119713e-07
3798,7.9710473429627e-09
3799,2.2558903693066445e-07
3800,2.6476848134011523e-07
3801,1.5177333264673708e-07
3802,6.618738603529463e-06
3803,1.3156449924014476e-08
3804,4.701127351218606e-09
3805,1.5898789621708871e-06
3806,8.408215714476643e-10
3807,1.1594819210760535e-08
3808,6.582697034333782e-07
3809,0.6613233157481799
3810,1.0583852008850535e-07
3811,6.1977760983321e-08
3812,2.3146807144735517e-07
3813,6.656360675664076e-10
3814,1.4648846416058396e-09
3815,1.4957130517743017e-07
3816,5.3076258191657074e-08
3817,3.0587466019665627e-10
3818,7.758564135600957e-08
3819,9.226752982266109e-07
3820,4.848837729143591e-06
3821,7.503313217347069e-08
3822,1.3787231390660783e-06
3823,2.048753748488542e-07
3824,1.0861049347131731e-06
3825,6.657521276830444e-08
3826,0.01842575828189839
3827,1.7845095641764806e-06
3828,6.186697122910785e-11
3829,2.112523061382216e-09
3830,5.537931738164584e-06
3831,4.306497713186865e-05
3832,5.715480821414127e-10
3833,4.01811257758318e-05
3834,8.704016834736053e-05
3835,3.282340036439008e-07
3836,1.206402983723475e-07
3837,9.440706763007664e-06
3838,4.5575386520610787e-10
3839,4.913946966578872e-05
3840,2.635990637952065e-07
3841,6.157925122721514e-05
3842,3.583810218368991e-06
3843,1.4929200806075397e-05
3844,1.0638432946488918e-06
3845,2.2796677959093348e-05
3846,1.4663515010476807e-06
3847,2.4836134290592614e-08
3848,2.8747478634350737e-06
3849,6.430617779038295e-09
3850,1.3796498090384889e-08
3851,1.0400588854085368e-08
3852,2.347689264545456e-08
3853,3.9305582820081484e-07
3854,0.5443024296461936
3855,7.273609953761345e-11
3856,1.6024839055573505e-08
3857,1.9885015159519468e-07
3858,1.2425805441735868e-06
3859,1.7107554732807388e-09
3860,3.980926937316518e-10
3861,3.4805104640855438e-06
3862,1.9623311595049367e-08
3863,1.3373745658252678e-07
3864,7.249164754558494e-09
3865,2.8952032374470763e-07
3866,8.814753249911025e-06
3867,3.555335283566724e-08
3868,0.001028158750662953
3869,7.241389262769252e-05
3870,6.551485268777415e-06
3871,2.8628508497159667e-05
3872,2.045332239236352e-06
3873,1.8450421562384846e-09
3874,3.1872803870848617e-09
3875,6.218488476057161e-05
3876,5.686036886201776e-06
3877,0.0008109171077801883
3878,6.180554468046391e-08
3879,1.8288920819780122e-08
3880,7.130084010007315e-06
3881,1.2427782179563567e-09
3882,9.107272170187723e-08
3883,9.188128604187239e-11
3884,1.5499079163325146e-07
3885,8.608277701656666e-08
3886,8.072355380475026e-09
3887,8.937261048023115e-09
3888,5.452961460335919e-06
3889,1.87464954342764e-08
3890,2.0713626354747834e-10
3891,5.174931561260012e-07
3892,3.755717172420164e-08
3893,2.1845603646968714e-09
3894,3.0237548741418795e-05
3895,3.764424282455833e-11
3896,5.165107553567842e-08
3897,8.325135241266047e-09
3898,5.487385050088058e-06
3899,3.562012990544243e-11
3900,1.0600553411667629e-08
3901,1.5267389068445465e-05
3902,0.00015330176809895006
3903,1.5780639518112683e-07
3904,3.126981517097268e-06
3905,7.73025628935578e-06
3906,4.849543483928791e-08
3907,9.926032431556733e-06
3908,9.52030168319829e-05
3909,0.0007926577942048002
3910,3.8332382518326994e-08
3911,6.911532135922678e-06
3912,0.001147343626791088
3913,0.0010888145293154166
3914,0.6922398177081516
3915,5.226907390761602e-05
3916,1.074907657376772e-08
3917,8.047023601184657e-07
3918,8.705729315240799e-07
3919,3.1538007653678705e-06
3920,3.031999993642188e-07
3921,1.0520170158232766e-09
3922,4.711088851229059e-08
3923,1.0251644447511955e-12
3924,7.566187956878853e-12
3925,1.7387492024861628e-07
3926,4.3128033851721466e-05
3927,5.896192020077547e-10
3928,1.4225100314622061e-09
3929,2.5658825254909474e-06
3930,6.092317289121077e-06
3931,1.0094099015947428e-08
3932,4.729706433243491e-07
3933,5.1176277150573136e-08
3934,1.0874897064925073e-11
3935,3.5310118800337187e-09
3936,0.00019206055066584094
3937,1.0892553370154434e-09
3938,0.0009214810973174907
3939,5.780834779857544e-09
3940,8.449618172181084e-09
3941,1.2910859420453646e-05
3942,1.3088041700886277e-08
3943,1.7815697227825633e-08
3944,4.597616879178076e-08
3945,7.224314334253914e-09
3946,7.063696479119463e-09
3947,1.7107363482677382e-05
3948,0.23368270190855137
3949,4.915949546385722e-06
3950,2.9343410168597274e-08
3951,2.1606725518778437e-06
3952,7.644642174033612e-11
3953,0.00039116235720675524
3954,3.2864280300472226e-11
3955,0.824292513207857
3956,5.187760490667983e-07
3957,2.748749275298746e-06
3958,1.7800163942368332e-09
3959,5.64276650999558e-07
3960,4.214733766620049e-07
3961,5.589258697076392e-10
3962,1.8032421961008058e-09
3963,2.671399706336753e-06
3964,3.857013755704465e-09
3965,0.0005440585905025453
3966,7.980755168520615e-06
3967,2.5398705070706464e-10
3968,2.8397990957032834e-05
3969,4.39516443221871e-11
3970,3.9208504561150355e-10
3971,0.0009398839674417999
3972,4.9358847691820666e-05
3973,1.8196027148938653e-09
3974,3.856921934324593e-12
3975,4.057168391909177e-09
3976,1.1163151181712559e-07
3977,4.028650701597884e-07
3978,5.518630714797672e-12
3979,9.461430111879428e-08
3980,0.4438273449402333
3981,6.694860873273668e-08
3982,3.6847858977305906e-07
3983,9.89065948980141e-09
3984,3.296810806007624e-09
3985,4.5117775530288786e-10
3986,3.171627068560178e-09
3987,3.695996544234451e-07
3988,2.9885465174646387e-07
3989,1.796227863780515e-05
3990,5.634979245717981e-07
3991,3.0868201634198973e-06
3992,2.907110374373256e-07
3993,2.511466992259231e-06
3994,7.94628320128421e-08
3995,1.2629570235875949e-06
3996,2.6105733276266962e-05
3997,7.613758296816021e-07
3998,7.815505509995305e-09
3999,2.3919115391593757e-05
4000,3.170393761254432e-07
4001,2.316561125477084e-05
4002,5.310505512140952e-08
4003,5.630158276573218e-09
4004,3.8158491700236524e-08
4005,9.856517102727329e-09
4006,3.499741549847477e-05
4007,4.159250946725968e-05
4008,2.179743958641211e-06
4009,2.818260752290987e-07
4010,0.0005636605082310305
4011,8.641990429630904e-11
4012,3.083442093068073e-08
4013,9.081881241927285e-07
4014,1.720038686395764e-05
4015,1.7812704136956763e-10
4016,0.001826137915891881
4017,9.943423581703964e-09
4018,8.57148262270538e-09
4019,2.6889386503249955e-08
4020,8.601329082452993e-07
4021,3.270373975191582e-08
4022,0.00028030600932751854
4023,5.245209820770436e-08
4024,2.656836447977427e-06
4025,1.713743520394648e-06
4026,1.2424830329363745e-07
4027,1.0817334877675563e-08
4028,0.0004789503130860728
4029,3.205749093380327e-08
4030,4.326924664609828e-07
4031,9.451179430210783e-08
4032,3.5070709552002475e-06
4033,1.5142766507370615e-08
4034,1.0733164628301612e-05
4035,1.7614183364743723e-08
4036,1.20579050110159e-10
4037,1.3631427876916604e-09
4038,0.0005398285073367224
4039,7.764554140458182e-06
4040,1.2080554303561742e-06
4041,1.920896788636117e-09
4042,4.5204814039649434e-10
4043,2.6209580154613647e-06
4044,1.5405492667685686e-06
4045,7.562546785373173e-10
4046,2.6950668644292816e-08
4047,1.628440107197601e-08
4048,3.307755036058515e-07
4049,3.3070402543528824e-06
4050,5.203786691540396e-10
4051,5.328042950423149e-07
4052,1.3551897405272183e-09
4053,4.1682026619403925e-06
4054,1.3876644097322844e-07
4055,6.527493639805486e-09
4056,4.2784816139377686e-08
4057,0.0005101237681653781
4058,1.7918319459705593e-08
4059,2.061249242506517e-08
4060,4.303974868423118e-09
4061,9.100822811925315e-07
4062,1.1011018687983378e-07
4063,0.00027456045276936554
4064,0.036306004236354994
4065,1.714171546806387e-08
4066,0.22756641753589144
4067,5.47456702944794e-08
4068,2.0886560101424545e-09
4069,1.080679229150589e-06
4070,1.9960627038838697e-07
4071,5.210748590432924e-07
4072,0.12522067161463263
4073,3.830490591663277e-10
4074,0.0017007260826830308
4075,5.2414382060531194e-09
4076,2.274961073995208e-08
4077,0.4970891924763759
4078,1.41306258992369e-06
4079,3.325297646221009e-09
4080,2.969992744147241e-09
4081,2.67531258400081e-07
4082,4.751159263438662e-09
4083,1.8270437280232653e-05
4084,1.9660413600122163e-06
4085,1.0962891319361548e-06
4086,2.2467672536785797e-08
4087,5.031371499283246e-05
4088,3.95404800522981e-07
4089,9.242077834154894e-10
4090,1.1083535617407432e-09
4091,1.9024622115110793e-09
4092,3.9595819328818454e-11
4093,0.279334424920514
4094,5.289851118081867e-05
4095,1.1167705472330128e-07
4096,6.492516327881033e-06
4097,9.71957060939138e-10
4098,6.4305422595250505e-12
4099,4.647771609009302e-09
4100,4.4801662371258986e-08
4101,2.5150506322030843e-10
4102,7.027367966246199e-09
4103,6.264342782757572e-10
4104,1.1654768520548119e-08
4105,3.334139659529312e-10
4106,1.0058357332863786e-05
4107,0.0001153877263394385
4108,1.8397204051847617e-05
4109,4.5866318340505005e-07
4110,1.366013206787928e-05
4111,5.724754927321019e-09
4112,1.0505161986601251e-08
4113,1.2870283851833644e-07
4114,3.604347695113302e-06
4115,3.254031405207752e-07
4116,3.4465809830011203e-07
4117,8.751467372945272e-06
4118,5.278894803459432e-05
4119,4.100753111136543e-09
4120,9.53689286590132e-09
4121,5.787099574554567e-11
4122,5.796184218052411e-08
4123,5.94210974070415e-09
4124,3.1060448575788485e-08
4125,5.0483014588148144e-05
4126,1.0738638150572381e-07
4127,0.014389644856460401
4128,3.7255104065179873e-10
4129,0.0014074797312363632
4130,1.1007767526199934e-08
4131,6.940418666650603e-05
4132,2.1240637506929282e-08
4133,0.0193695601631046
4134,3.428295114785311e-07
4135,1.765081103866983e-11
4136,4.1727184217395704e-08
4137,1.5724381047785904e-08
4138,2.367392014934436e-10
4139,0.0011931234829309543
4140,8.089243997373636e-09
4141,0.00010954781530179004
4142,1.802146616556267e-09
4143,7.212949628688298e-07
4144,0.04720367251980503
4145,1.1976258147202572e-05
4146,0.0001209236219401523
4147,5.159698681755705e-07
4148,3.660296661484653e-08
4149,1.7351038836483877e-09
4150,1.0031992844771535e-07
4151,9.376055042435626e-11
4152,4.066113729099367e-08
4153,0.00023483976076190132
4154,1.203186938682507e-06
4155,3.2599415088212436e-08
4156,2.0537448884892985e-08
4157,8.81719348776676e-06
4158,3.3927244000859225e-07
4159,1.0121889399226303e-09
4160,1.5219807061969307e-10
4161,1.1020806282067727e-05
4162,3.1063001129076714e-06
4163,5.0891651142513e-08
4164,7.959352480981076e-09
4165,3.088768605802156e-08
4166,3.446979622421703e-07
4167,0.19909485262441945
4168,3.178108517410383e-08
4169,5.410796753440121e-07
4170,9.600571477200368e-06
4171,2.3367364924312784e-09
4172,4.156278810802421e-06
4173,1.1118248276569966e-10
4174,3.507639210208555e-07
4175,0.605773858282828
4176,1.880139259813988e-05
4177,2.5813868787574346e-09
4178,4.384302450542959e-08
4179,4.917297079386812e-05
4180,0.06351991568488305
4181,4.102779082669935e-08
4182,3.6156249405905547e-07
4183,3.743783583947963e-08
4184,4.713922076633184e-09
4185,1.0557397304233942e-09
4186,0.024575203821211027
4187,4.406511687377978e-09
4188,3.6761896532105204e-06
4189,5.118367933408968e-08
4190,1.734934860402751e-08
4191,1.9825049378651364e-09
4192,4.555947677029017e-09
4193,1.6159332836671017e-09
4194,5.613078671527131e-09
4195,1.7418543829146925e-05
4196,6.323832062856144e-09
4197,0.7930892305618171
4198,1.3118133107511643e-09
4199,1.6159972792562152e-08
4200,1.7501017033206535e-08
4201,0.0006982362806569091
4202,4.3944876022097105e-08
4203,2.447061879054071e-10
4204,1.576586881932797e-07
4205,1.3867217287696594e-09
4206,1.206892606797955e-07
4207,8.092318134447393e-07
4208,2.3296159236222878e-08
4209,8.233492533100363e-10
4210,1.7136894434754502e-08
4211,1.4163912515089461e-06
4212,1.4398639117035655e-06
4213,2.393890806509458e-08
4214,2.3545505594944663e-06
4215,2.4031256264917705e-07
4216,3.649240678359024e-08
4217,3.8119804293476035e-07
4218,2.508182800069825e-09
4219,6.763334879470543e-06
4220,1.8865765728533356e-10
4221,2.0951691490615636e-07
4222,2.726073825387682e-09
4223,1.0775022170208264e-07
4224,8.447592774053456e-10
4225,5.246198544877355e-10
4226,2.266162249458396e-09
4227,6.8894953802196156e-09
4228,1.0417683342938363e-08
4229,1.3382006056383135e-09
4230,1.0345029012006738e-06
4231,8.432509268704127e-07
4232,9.746799322058404e-10
4233,0.0009880455001401447
4234,3.142424855816234e-06
4235,1.938729889766437e-08
4236,5.176928744790834e-09
4237,6.479462895612943e-09
4238,1.7506692619267505e-09
4239,5.706551146761446e-09
4240,1.0271356856205219e-09
4241,1.7400836534637624e-06
4242,3.2032217461632306e-08
4243,7.623149004438024e-09
4244,0.000623868704528567
4245,1.0046836633551624e-07
4246,2.5660288176831127e-05
4247,9.089237739127918e-07
4248,5.531121064606837e-05
4249,3.760637520918682e-05
4250,7.036079876814729e-10
4251,1.0380125485185059e-07
4252,7.116562877392296e-09
4253,2.2846081938527733e-10
4254,1.74923836658692e-08
4255,1.4782864103550017e-07
4256,6.252583534767628e-08
4257,1.1613104455659993e-05
4258,1.2094283592803157e-10
4259,0.00010705026039061509
4260,3.50774921884633e-09
4261,4.5484732405951604e-07
4262,2.7098610458765066e-08
4263,2.290572979126949e-06
4264,1.755887887021326e-09
4265,0.0027932679642200813
4266,5.501171778672995e-12
4267,2.7986826380803287e-08
4268,4.0430266520463773e-10
4269,1.690397448172029e-10
4270,5.8649119692416486e-08
4271,1.088180349691738e-09
4272,2.4770470344119074e-06
4273,4.097931612819608e-09
4274,7.999905770756019e-07
4275,6.240440434243494e-07
4276,7.196434766735902e-05
4277,1.8137243552009302e-06
4278,2.135047836322823e-06
4279,1.1622313255614048e-08
4280,0.012280047938021276
4281,5.3360213177067256e-08
4282,2.3248042650928535e-08
4283,1.8444345775817458e-07
4284,5.887712599937592e-07
4285,2.3914114829766493e-06
4286,9.569437019903801e-10
4287,2.418403723901718e-10
4288,2.7481768883939714e-08
4289,1.1651602471325941e-08
4290,0.057101368763658
4291,3.181778062075121e-10
4292,4.037568103385335e-10
4293,3.761260555268476e-09
4294,5.4180298752801344e-11
4295,1.1573994561580903e-07
4296,2.784828878077368e-08
4297,2.1966927806801747e-07
4298,3.7155179987959777e-06
4299,4.796114672727632e-06
4300,3.157246496673159e-06
4301,1.859066200584183e-08
4302,4.308093393360709e-05
4303,1.7627401831554534e-07
4304,4.505506061970222e-06
4305,3.086427085697001e-08
4306,4.603542344577704e-09
4307,0.00012100753735092508
4308,2.1883694584830315e-07
4309,3.3926412184890334e-06
4310,1.4182956289693642e-07
4311,1.3192715453320479e-08
4312,1.1320483658757094e-08
4313,7.116365410039757e-09
4314,5.658903698562845e-09
4315,6.2135060176028e-08
4316,2.782454181006399e-07
4317,1.977455093516861e-10
4318,0.00027693431663672124
4319,1.1458306737624127e-05
4320,0.5040889957751152
4321,2.883063449277725e-08
4322,7.093878644987525e-08
4323,8.959062443191315e-08
4324,7.808248217638041e-10
4325,3.049483434716688e-06
4326,7.645242182103224e-09
4327,2.3525718551608184e-05
4328,3.960847521801569e-12
4329,5.919554971484791e-08
4330,4.5481009633571024e-07
4331,6.992892696330038e-08
4332,0.00011651625868656064
4333,4.969081538886136e-09
4334,1.3148973522713414e-08
4335,7.03615458001758e-05
4336,8.077198843641967e-07
4337,1.032214970802686e-06
4338,2.0224874682014503e-07
4339,3.009798036954851e-08
4340,7.63863453574074e-06
4341,5.291622006394172e-07
4342,2.4241554283676603e-10
4343,8.409505126232072e-05
4344,1.4508722214241747e-10
4345,1.0399067376440502e-09
4346,8.41628087696125e-08
4347,5.2092392329070414e-08
4348,5.1614195163332546e-11
4349,1.3686561118201541e-08
4350,0.015441213501484937
4351,1.6813528401705898e-06
4352,1.3099814190194045e-06
4353,3.0603168892482485e-08
4354,7.1022399582426595e-06
4355,1.9813929369197788e-08
4356,1.1415956228238854e-09
4357,8.974426187225504e-10
4358,8.452699274900281e-10
4359,0.5408527947375812
4360,1.3257029207096201e-07
4361,2.506351238308563e-06
4362,3.261724434737311e-10
4363,0.0003184269476673648
4364,1.180682917920083e-06
4365,2.2328449220277613e-07
4366,2.2824528165143727e-07
4367,1.2931612219015472e-05
4368,6.744128945639145e-05
4369,2.7139574977529085e-05
4370,1.9885544963607485e-09
4371,8.525760223185406e-08
4372,1.638795924677808e-08
4373,2.572701621522818e-07
4374,2.854458301974375e-06
4375,7.63608819644187e-09
4376,2.0894478370312276e-10
4377,8.170637985621746e-10
4378,1.7232408484378725e-08
4379,2.824489015940393e-09
4380,9.034908522681261e-09
4381,1.772089401832226e-10
4382,1.2063367129183806e-06
4383,3.066667583403364e-08
4384,5.72703281187418e-09
4385,9.07948587367314e-06
4386,1.603796331290144e-09
4387,2.403195891254945e-07
4388,0.000609157813609147
4389,3.970238654791015e-08
4390,1.5872358623014136e-07
4391,0.0026400240894302093
4392,6.16511871552628e-05
4393,1.7671727767804904e-09
4394,0.004138144247602408
4395,4.177352247308239e-06
4396,1.038008957230893e-08
4397,2.986257379108968e-10
4398,8.146421453062195e-09
4399,2.2245052911253956e-10
4400,1.6493999579816102e-06
4401,3.688643233670558e-06
4402,2.229432466753384e-11
4403,7.57624104327913e-08
4404,4.437178554678843e-09
4405,2.9058547960511067e-07
4406,3.321548550570945e-08
4407,0.08839436378767476
4408,1.709166533367014e-08
4409,0.011847278952112354
4410,1.1234172750142638e-06
4411,2.303628631281756e-08
4412,9.946885992802021e-08
4413,1.9499454049226617e-07
4414,1.834593317192578e-07
4415,0.000127399599120489
4416,3.3743695819856356e-10
4417,2.828749173534615e-08
4418,6.127016903057959e-09
4419,4.299974975868788e-09
4420,5.114604553367852e-08
4421,1.657986818206227e-06
4422,3.645100901962222e-07
4423,5.1472286994785005e-08
4424,2.8338531413986917e-05
4425,7.743483128850315e-09
4426,1.1912585850328991e-09
4427,1.6983256200103537e-07
4428,3.471178152329179e-08
4429,3.4751460314961834e-09
4430,3.4792082740425223e-10
4431,3.804132158151705e-09
4432,4.7533088600268555e-09
4433,3.531847758733694e-07
4434,1.4930332426049432e-08
4435,3.666857145334349e-07
4436,8.606253385475871e-07
4437,0.011849841447113069
4438,8.767011468796054e-07
4439,4.260907554688262e-08
4440,6.304330973824742e-10
4441,7.833871722037971e-07
4442,3.7484782030718708e-06
4443,3.165153634898689e-08
4444,3.733376881987032e-07
4445,1.463747376029347e-09
4446,2.2140901600041483e-11
4447,0.0022214855268324514
4448,6.374172352743269e-09
4449,2.1073100103456884e-08
4450,4.822384223297971e-06
4451,1.9763919677144417e-11
4452,1.2014390694011427e-06
4453,1.1370894085475664e-06
4454,3.2496599671846887e-07
4455,0.0018996225826137102
4456,9.617607483971887e-08
4457,2.909978571687021e-09
4458,2.180708940794989e-06
4459,0.0007899760846557822
4460,1.7570051877433626e-05
4461,1.1941391635801864e-07
4462,6.085230817472132e-08
4463,2.565531982994927e-05
4464,2.8677237450070346e-07
4465,1.0738169504034884e-08
4466,4.811208821038143e-08
4467,4.041613330827334e-09
4468,1.846528480975344e-07
4469,4.155606887491875e-08
4470,8.47083033041629e-06
4471,8.06150370268975e-08
4472,4.328021894909341e-09
4473,5.219417989707442e-06
4474,4.76565367610332e-09
4475,6.631817572755831e-08
4476,4.866408312472994e-07
4477,6.798934155407057e-10
4478,9.178204759098382e-07
4479,1.5069203533907878e-08
4480,8.706651118590226e-08
4481,7.10904312294448e-08
4482,2.119827746733008e-09
4483,5.057042939893751e-05
4484,8.367216306840532e-05
4485,2.498303316671033e-06
4486,3.09386786140296e-10
4487,2.3323038122543713e-09
4488,6.389283333569288e-05
4489,0.005847564393028526
4490,2.0989302284988404e-09
4491,1.301200419184066e-07
4492,3.3609725095284903e-06
4493,0.0006332399716255116
4494,1.6017087072436307e-08
4495,1.871354829866667e-09
4496,4.860201393145521e-07
4497,1.3348153357623129e-06
4498,5.509707537643093e-10
4499,1.9445983076812393e-06
4500,4.617391631412355e-08
4501,0.0006470881737750459
4502,2.8496682524204265e-06
4503,7.208670245147113e-08
4504,6.329014346341202e-06
4505,2.5031086626953387e-07
4506,9.79447013963752e-08
4507,2.832186184234064e-10
4508,3.0314349859949615e-08
4509,0.027534167630607953
4510,3.216567752940859e-08
4511,2.2231993482956708e-08
4512,7.781017725723308e-06
4513,3.515394706277022e-06
4514,7.252774564721774e-09
4515,1.4679101328598184e-05
4516,9.092353043514791e-08
4517,0.0009424557125441692
4518,5.676621811889326e-06
4519,2.6994356272463266e-07
4520,2.0533336840272544e-09
4521,1.0653478011502525e-08
4522,2.661301201040288e-09
4523,4.9326269929127335e-09
4524,6.0258957147451684e-06
4525,3.2956363629371508e-09
4526,2.8186895574418195e-08
4527,1.759118692909818e-07
4528,3.3254698818207826e-06
4529,4.5071451046445666e-05
4530,0.029476977156512364
4531,4.0208806268291643e-07
4532,1.1207834473802195e-09
4533,9.314143042019943e-10
4534,1.8452789162255519e-07
4535,6.561078992284437e-07
4536,1.5294088038852894e-08
4537,1.9772990682941625e-09
4538,1.5767282443408965e-08
4539,6.644629859592199e-08
4540,5.2428370879415554e-06
4541,1.0330387633393589e-05
4542,1.7917038218023626e-05
4543,1.3550681821006271e-07
4544,0.0001391984102783544
4545,1.4315547323727834e-05
4546,2.1531962455806495e-10
4547,3.1235215283958293e-08
4548,0.0005666870468176402
4549,3.38059791840485e-07
4550,8.857092192218455e-08
4551,4.449444020011393e-11
4552,9.341316422522858e-08
4553,9.326509940125591e-09
4554,1.9734530828483251e-07
4555,4.297871617709886e-06
4556,2.033713928907538e-06
4557,2.7483739001616386e-09
4558,4.499542506951406e-09
4559,3.196381926867534e-07
4560,2.135683135509002e-05
4561,1.5876061708462282e-07
4562,0.00043307853589128153
4563,0.0003013927912651284
4564,8.039097404274447e-07
4565,8.446114579487176e-06
4566,8.643404471222055e-08
4567,9.360951210525653e-10
4568,6.74600537797892e-07
4569,4.1669399391492625e-08
4570,7.047691851969699e-07
4571,0.7752741674476004
4572,1.111133947862641e-07
4573,7.484261607770336e-08
4574,1.1480452321814963e-06
4575,2.2054393446256225e-07
4576,0.03454405462541728
4577,5.61708693177317e-07
4578,4.049979145223605e-08
4579,1.5785860174694024e-10
4580,6.447354675081604e-06
4581,3.157044625836651e-08
4582,4.5728542146712255e-05
4583,1.3850274829412743e-05
4584,1.7662357785988575e-05
4585,2.026842125833331e-08
4586,5.436220609049635e-07
4587,5.348783627771223e-06
4588,6.980119599444685e-12
4589,1.484476503885114e-05
4590,6.499159015317042e-08
4591,2.9618297977466143e-09
4592,2.7496065563374064e-07
4593,2.528566240876342e-10
4594,2.2824229052787923e-06
4595,1.375690015783752e-08
4596,1.2720573443567234e-08
4597,2.9536331078066474e-10
4598,3.102602141875205e-05
4599,0.0002838845685844495
4600,1.2061683257472136e-07
4601,4.369353634078392e-09
4602,1.4050916163245415e-06
4603,0.01440885815129377
4604,2.2776842177420738e-05
4605,4.0239775340941637e-10
4606,4.215689889927055e-06
4607,9.183485657619477e-09
4608,2.39175472454546e-05
4609,6.289511328086363e-07
4610,3.873456731857432e-08
4611,3.9116274848306096e-08
4612,6.35991151891832e-09
4613,0.000520110257537759
4614,2.806803085370854e-08
4615,1.7470186020226752e-10
4616,1.8135042944987705e-07
4617,1.1702777725244046e-08
4618,0.06618940621760587
4619,4.3439103053263346e-05
4620,5.100721179768858e-08
4621,2.5515954108123978e-08
4622,2.560605865779149e-05
4623,6.684115734470901e-08
4624,2.455054059173184e-11
4625,1.7216064891138218e-06
4626,5.436233482519456e-09
4627,5.45087022566912e-07
4628,4.334810774945779e-08
4629,1.6005397694337646e-05
4630,1.8263268372938789e-07
4631,9.92049126398003e-06
4632,1.6874916673680873e-07
4633,3.604453593099421e-07
4634,1.6328546564531516e-08
4635,2.424323483741283e-10
4636,4.7876110399506034e-08
4637,5.23305874290311e-06
4638,1.4359125229940228e-06
4639,8.3121344883484e-07
4640,2.3345963145637125e-10
4641,1.2565539131930532e-06
4642,1.7046981016823157e-06
4643,1.4580044521047678e-08
4644,1.4341734446061389e-06
4645,1.444515954997258e-10
4646,6.064855523441776e-11
4647,5.655325646983471e-05
4648,4.939930184421718e-06
4649,2.1023594750950936e-11
4650,1.3095914792501983e-08
4651,4.474999755285028e-08
4652,5.72855316305996e-06
4653,0.004302298803298943
4654,1.035584078670467e-06
4655,0.012459632756083541
4656,4.4769766025563145e-08
4657,0.08308837788904491
4658,2.1656170743942502e-07
4659,1.379204599357269e-09
4660,2.8049320584803635e-06
4661,1.0189724734061649e-06
4662,1.025960279018491e-06
4663,8.55939656258556e-06
4664,2.0882299628131714e-07
4665,3.101579449380026e-05
4666,1.8837151901955133e-09
4667,1.3617672391900183e-07
4668,2.7770393339976664e-08
4669,8.298057280137862e-06
4670,0.0003107355560685247
4671,0.2614825902167691
4672,7.987410301260894e-08
4673,2.4165146359038345e-06
4674,8.333390145014121e-09
4675,6.445617152775751e-10
4676,6.92607743224283e-11
4677,2.1687834487905564e-09
4678,3.14752477457595e-07
4679,1.502214179429449e-07
4680,1.0567452837940165e-09
4681,2.5541137159168053e-09
4682,2.766578033337509e-06
4683,3.129112525096757e-10
4684,0.00019718514669790442
4685,8.522502081054244e-07
4686,7.969128414244055e-07
4687,2.287299505753665e-08
4688,3.46415339098269e-09
4689,3.530195617061519e-07
4690,0.0002429033281505047
4691,2.5531543199959e-08
4692,0.0003573673694861479
4693,9.190301942236807e-08
4694,8.18623667280878e-06
4695,3.622427533446186e-08
4696,6.111251689780695e-09
4697,0.0010111821917924394
4698,3.359906392632949e-10
4699,3.0633687576809103e-07
4700,3.5249397024323356e-08
4701,4.483710897603919e-08
4702,1.5321918240133968e-07
4703,1.0444733713756955e-08
4704,5.772626127782405e-12
4705,4.2153911685060756e-08
4706,1.2470730295796543e-06
4707,1.3243170558843768e-06
4708,1.883535093792521e-08
4709,2.2114366581251895e-08
4710,2.338661013703354e-09
4711,9.490145021155192e-05
4712,1.077383957331601e-05
4713,1.2812973180003763e-05
4714,9.475350777290747e-07
4715,0.05838984404488664
4716,2.4915038509901877e-08
4717,3.269493735671194e-06
4718,0.564036534706273
4719,3.151961727403688e-07
4720,3.486759841841846e-08
4721,3.440325277417423e-07
4722,3.607447603284216e-10
4723,3.590923457413158e-07
4724,6.356193918225357e-11
4725,1.5042438907445736e-08
4726,3.1392849619899504e-08
4727,1.294868170862013e-09
4728,4.9246236215766594e-08
4729,0.0003060183601997873
4730,2.1918092036776332e-07
4731,8.775922111292958e-11
4732,2.8590659507258575e-06
4733,1.8574442795309305e-07
4734,2.1355995929433937e-06
4735,1.0511436002771374e-05
4736,1.680807240843618e-08
4737,0.45601302953675205
4738,0.0005779437169099276
4739,1.5419916554732656e-10
4740,5.085510457182285e-08
4741,2.2751932455591677e-07
4742,1.20513856044227e-07
4743,1.2441680924743605e-09
4744,8.686790884050019e-09
4745,2.520039683392506e-08
4746,7.932431553882465e-08
4747,9.284203390210278e-07
4748,1.0082310848767585e-08
4749,9.896584664168748e-07
4750,5.881000990881773e-06
4751,4.977591625561298e-06
4752,3.8774526013097894e-10
4753,7.817216991295833e-11
4754,1.5288958547324327e-08
4755,0.00042691590938337713
4756,1.379220195837394e-06
4757,0.0003403039052042622
4758,2.347939311201894e-08
4759,9.016785690483574e-05
4760,1.6391286224349743e-05
4761,1.6659337225688497e-11
4762,8.600618207775304e-11
4763,4.672747492310678e-09
4764,2.4514743977291805e-09
4765,0.06391728812167832
4766,4.7356805117123316e-07
4767,4.652046142434013e-08
4768,2.6158780302900746e-07
4769,8.893920061467325e-08
4770,1.3189262413063618e-10
4771,2.7632890218580427e-08
4772,3.2995573958049484e-07
4773,1.0752159930750746e-09
4774,0.18990744686492017
4775,6.851960788717213e-11
4776,3.946576510611888e-08
4777,1.3858623661816655e-09
4778,3.894803559210092e-09
4779,2.142506008264898e-05
4780,1.2078407768150306e-09
4781,3.512832436830569e-08
4782,0.0004684138127144193
4783,3.691586151624462e-09
4784,2.05318651765512e-06
4785,4.2165564802608986e-05
4786,7.388561773587339e-07
4787,1.7834087407516383e-08
4788,1.7807831669599904e-06
4789,5.221442165850664e-07
4790,7.962139706965515e-09
4791,4.340903223827991e-06
4792,3.861237740830768e-07
4793,2.4093789241151144e-10
4794,3.6840647446434376e-06
4795,3.541974857355598e-08
4796,1.62091960707642e-05
4797,2.3930560774877637e-05
4798,0.0037457722588399543
4799,1.2023136712949789e-05
4800,1.5222354984528153e-07
4801,5.766658640173085e-09
4802,4.4984119388792984e-09
4803,6.461490205079233e-05
4804,1.8846715895936337e-07
4805,3.145339941991406e-06
4806,2.148894188435412e-05
4807,2.035323993495477e-07
4808,9.539668251347521e-08
4809,1.306915240871817e-08
4810,2.3423988614105284e-08
4811,2.0923778967514976e-10
4812,1.8760251967736047e-05
4813,3.908606312419623e-06
4814,5.2431255180486535e-08
4815,2.624193403785508e-09
4816,6.076794138079723e-07
4817,8.50626934019818e-09
4818,1.5643045092906585e-06
4819,1.14669861415957e-09
4820,0.0005563362343845663
4821,0.00015484762021819793
4822,6.621487480902956e-07
4823,2.542713097077597e-07
4824,2.203408949442042e-07
4825,8.098863922597742e-09
4826,2.8589199786729773e-05
4827,3.019928692145019e-08
4828,6.147078030532519e-10
4829,3.283699302580354e-07
4830,3.6182385318794993e-07
4831,5.956909461898596e-08
4832,8.823360201538001e-10
4833,1.996499730389384e-08
4834,5.598290241980646e-09
4835,2.586439962919554e-09
4836,2.361929205585733e-07
4837,9.625557802610429e-07
4838,8.730839413120582e-09
4839,3.1623203130608724e-07
4840,9.38843997636996e-08
4841,1.512369392512658e-08
4842,1.3806108224372586e-07
4843,5.45230659136172e-10
4844,0.03944241065274421
4845,0.00013284401960523623
4846,3.052289335756607e-07
4847,5.126001223773532e-07
4848,3.950846562738495e-07
4849,4.505649231343536e-10
4850,2.352219283478792e-07
4851,5.591989267170803e-10
4852,0.0001083155538748419
4853,0.9608508515215783
4854,2.439294900156316e-05
4855,1.1896614635910802e-07
4856,1.1104483613933161e-07
4857,6.6074182885967e-09
4858,0.0794519651816509
4859,5.68601085198507e-09
4860,7.826793836030808e-07
4861,1.242172579074287e-07
4862,3.06905678578672e-07
4863,1.1138148165869237e-06
4864,1.3178838049723593e-06
4865,1.9163824076225807e-08
4866,1.984070817369221e-11
4867,1.1990433246150548e-10
4868,2.647549519383995e-08
4869,3.293383074659155e-07
4870,0.04145078318714377
4871,4.3697136892087375e-09
4872,2.8499571942124965e-11
4873,2.4773631512180424e-08
4874,5.751921185893603e-11
4875,3.329489912320877e-09
4876,2.0058335050895784e-09
4877,1.4143970205097652e-11
4878,1.2247395886887197e-11
4879,8.53516406738894e-09
4880,0.0001310281074669122
4881,6.212410071303835e-06
4882,5.120719920689945e-09
4883,0.00022677265558349448
4884,5.432238110226125e-10
4885,4.677691646824493e-07
4886,5.665362106650755e-09
4887,3.8192087385324843e-08
4888,3.033826134778504e-08
4889,2.3105346251856368e-10
4890,3.4217354256387134e-08
4891,1.5144930103806066e-11
4892,3.755027658730054e-06
4893,1.0495218500281679e-09
4894,3.237125705578892e-08
4895,4.338641491845179e-06
4896,2.451700674687129e-10
4897,3.010629514745391e-08
4898,8.337895577257074e-09
4899,1.077571849265661e-07
4900,4.31775741463764e-10
4901,1.1677288710156713e-08
4902,6.545591114047173e-06
4903,0.0006174748257618665
4904,0.0001637328543240786
4905,8.906413415161692e-07
4906,6.680256681925283e-09
4907,0.005844696784575687
4908,2.9384064413081614e-08
4909,2.4555672754999e-07
4910,7.540349939128182e-11
4911,5.491879306742697e-07
4912,1.7094083375328747e-09
4913,3.748160046634733e-09
4914,1.4191744542565016e-07
4915,0.00429277000329297
4916,5.434481473537143e-09
4917,8.46391561957952e-09
4918,8.393252920361865e-06
4919,1.3569775613255207e-07
4920,2.5894345981261164e-05
4921,9.7793387981979e-10
4922,1.8234913962777193e-08
4923,6.182392045189779e-10
4924,3.383216887046309e-07
4925,0.00031453679319346227
4926,1.523719827717596e-06
4927,1.2585593679154204e-09
4928,4.671337938986197e-08
4929,2.8456492414919424e-07
4930,3.934465128502735e-06
4931,2.692288430070095e-07
4932,6.388693509396098e-09
4933,1.9522535929713424e-08
4934,9.807335778188624e-06
4935,1.7350965050024857e-09
4936,7.956107636795292e-08
4937,1.2410721649148297e-09
4938,1.1600059476820684e-10
4939,1.5835292859035151e-09
4940,1.4260574848152228e-07
4941,1.1686020885496198e-11
4942,1.0232378280682484e-05
4943,2.4258989222948124e-05
4944,2.4816426032097293e-08
4945,3.663349365679116e-11
4946,4.3671007367560046e-10
4947,5.065120417242174e-05
4948,7.475181813340452e-10
4949,0.0002779119283903671
4950,2.352823594433632e-07
4951,6.36703523732978e-08
4952,4.217106224578537e-08
4953,0.0027712085857979243
4954,4.417376231736672e-09
4955,3.287016194571648e-10
4956,9.502193543543336e-10
4957,7.05781377609621e-08
4958,3.691546233863237e-08
4959,5.062726899657579e-09
4960,2.5259175107320096e-05
4961,5.386055877486743e-11
4962,6.610867143790749e-07
4963,8.260894205199922e-10
4964,4.4436516257415186e-08
4965,6.658812467807108e-05
4966,4.1317651194089483e-07
4967,8.225840516375245e-07
4968,0.0011184184824054165
4969,4.476233264885559e-11
4970,0.00011563150004563769
4971,6.850751354480392e-08
4972,2.0401987502559277e-05
4973,7.319242656234363e-11
4974,1.2729456200302679e-05
4975,0.001119206509516129
4976,1.3589209080676616e-08
4977,1.5153098409981448e-05
4978,1.0123065013979505e-07
4979,1.6234187933773436e-09
4980,0.08980014628082501
4981,6.620659147056625e-08
4982,0.00037406458550220674
4983,2.3824894305065536e-07
4984,0.0001530525515458319
4985,0.00015550528504427205
4986,5.632320629010449e-10
4987,0.0011021330279823308
4988,5.470886748977296e-10
4989,3.403378169598433e-08
4990,1.382447246660425e-08
4991,4.093109534269614e-09
4992,1.457392992349096e-09
4993,1.3080954547853042e-09
4994,1.5845538461607847e-07
4995,8.031501555804123e-06
4996,8.028683144757221e-06
4997,1.4727199138012526e-10
4998,6.941658459598709e-08
4999,5.7174304505948406e-11
5000,4.030884502336407e-06
5001,6.143415631915284e-07
5002,9.162449943526517e-05
5003,1.6854544287782645e-08
5004,2.4263922271423585e-10
5005,0.0004896554536345834
5006,1.085941294937326e-06
5007,2.261365292429957e-09
5008,0.0012258600379616888
5009,1.1605439263858701e-06
5010,3.1422672061985306e-08
5011,0.00036562489197532227
5012,5.326463769485155e-09
5013,2.171536604287661e-06
5014,4.5412397820349106e-07
5015,7.995228722541642e-05
5016,2.39231148012086e-07
5017,7.564743529401362e-08
5018,4.526264183810731e-07
5019,6.780586411655953e-07
5020,0.00010106778181480415
5021,3.547989017966764e-10
5022,1.0228690177464464e-08
5023,9.059566496252256e-06
5024,2.5413740817220305e-10
5025,1.0389938518671702e-08
5026,1.5985527838695456e-07
5027,7.131289452085449e-08
5028,1.6851100693418919e-09
5029,0.000244070152309359
5030,2.7318093316401174e-08
5031,0.0006462159956945295
5032,9.573701037132868e-08
5033,5.847149501896701e-10
5034,1.2271265029586448e-07
5035,1.4845388708338033e-06
5036,2.7682930163041674e-08
5037,1.2742448525889237e-10
5038,1.1898170634977747e-08
5039,2.3225291328609772e-07
5040,2.2412140122830217e-08
5041,3.1312517374680384e-05
5042,1.0633564888208672e-11
5043,5.997208269505365e-06
5044,7.08556995443616e-09
5045,0.010754597725725927
5046,3.7382898063016526e-07
5047,4.009793838917477e-11
5048,5.3615138806439e-08
5049,4.973246214251858e-08
5050,0.0005810054318768009
5051,4.427663704134307e-06
5052,1.747337879736597e-05
5053,7.348788043032737e-05
5054,4.633085562472659e-09
5055,0.014779477596636725
5056,1.3357727157581862e-06
5057,1.1413400032077518e-08
5058,2.4603440795056804e-09
5059,1.4876309276349611e-09
5060,2.2388155086086567e-06
5061,3.4687042980400533e-06
5062,1.2376452513849534e-09
5063,5.755155118497662e-09
5064,0.00011255778926110489
5065,2.0813209800564177e-09
5066,2.370588730738362e-06
5067,2.729777242827511e-08
5068,7.625499469987939e-08
5069,5.5357730097337934e-08
5070,0.00015847642589983854
5071,1.4356094020067642e-05
5072,9.48433209987801e-09
5073,5.787717434344632e-07
5074,4.395689410690399e-09
5075,8.42392638857048e-07
5076,1.7749448031222482e-09
5077,1.1048627090386456e-06
5078,4.2390775882333546e-10
5079,2.81201891227252e-07
5080,3.773331519654822e-08
5081,3.099164866070795e-05
5082,6.619338582400623e-07
5083,2.6240647946882554e-08
5084,5.001427497041275e-10
5085,3.408000603402773e-08
5086,2.2981729614663796e-07
5087,1.4363660449554448e-11
5088,1.590486417658897e-07
5089,1.9042521478166185e-07
5090,2.981039835151293e-09
5091,0.0015223732507897787
5092,5.07552542520971e-07
5093,3.078031054502407e-11
5094,5.0670297184144084e-08
5095,2.998960351102487e-08
5096,1.0478761986034007e-12
5097,5.572893318494869e-08
5098,7.405129874677512e-10
5099,2.1216462180887818e-08
5100,4.0442386586417336e-10
5101,3.1103744432336955e-10
5102,1.7548724530541686e-08
5103,8.939249260609543e-08
5104,2.9110204919211875e-07
5105,6.215524248077308e-09
5106,4.5589034046253025e-08
5107,5.422798216904363e-10
5108,6.353622189169074e-09
5109,0.0005865382434807337
5110,0.06638723265190367
5111,9.80634360494479e-07
5112,2.44656156096249e-08
5113,0.00042090961656697566
5114,1.3169874950171856e-08
5115,9.973506712976925e-10
5116,1.6628861221157204e-06
5117,1.696056793446064e-08
5118,8.846983635425857e-06
5119,4.7146344420487905e-09
5120,1.3478303646916742e-08
5121,6.864224870092252e-08
5122,1.2531687453870763e-08
5123,3.4731941608145605e-05
5124,7.87883780034147e-08
5125,5.530804898645375e-07
5126,3.3624053009581045e-08
5127,5.792053223126238e-09
5128,1.1999530106570973e-08
5129,2.3016696473887886e-07
5130,4.433309562857561e-08
5131,0.00012732091778776185
5132,7.242417308367417e-08
5133,2.941620735617256e-11
5134,7.799687584249361e-10
5135,1.7719204250392495e-07
5136,0.0001089798850850668
5137,3.7171100052558015e-05
5138,1.0162182932745366e-07
5139,2.126172428393982e-06
5140,5.952794329809266e-08
5141,1.61096180838386e-09
5142,5.801344886272258e-08
5143,1.081244038307729e-10
5144,3.4201902017250115e-07
5145,1.6077159446764936e-05
5146,3.990299095902469e-09
5147,3.520207762992399e-06
5148,3.1180773411076144e-07
5149,3.807670787047075e-08
5150,0.008276780062230647
5151,1.3599485842101582e-09
5152,2.1167615054300393e-11
5153,6.98101147039082e-07
5154,2.3183614739151635e-07
5155,0.0017743282565109205
5156,2.6433543403891747e-06
5157,7.2047977158658294e-09
5158,3.855953958666651e-10
5159,1.6779332232683373e-09
5160,2.1513596341068067e-09
5161,2.0820669813448135e-06
5162,0.00016066860451435057
5163,0.0008473873658162874
5164,1.791194306654772e-08
5165,5.626083044936704e-09
5166,1.0443772291446137e-06
5167,2.4454479979003632e-05
5168,3.7522202159950486e-09
5169,6.768831198693063e-10
5170,2.856233137551996e-07
5171,0.0010781475394893336
5172,6.89507653601044e-07
5173,9.761878324876193e-08
5174,2.0213063671542548e-08
5175,4.314403515608525e-09
5176,8.030903360905992e-09
5177,1.9195014352252265e-09
5178,4.0182863039871207e-07
5179,2.380327544154438e-12
5180,9.279162658978589e-06
5181,1.7686174491128393e-09
5182,2.659641571750968e-06
5183,2.1333341619080033e-06
5184,3.4869951484935343e-05
5185,9.85945167770056e-12
5186,1.128778240357403e-06
5187,1.6915394397541192e-09
5188,7.863712871275205e-11
5189,1.793250906375608e-09
5190,0.0011711254243875746
5191,5.780182119898674e-06
5192,5.071083917410873e-08
5193,1.6565303257853147e-10
5194,3.382540597085628e-06
5195,0.00018720527128539424
5196,8.172195952115393e-07
5197,6.365299903804477e-07
5198,6.506227870614476e-08
5199,1.9365210263048394e-07
5200,0.0008416916544416949
5201,6.036418633767002e-07
5202,1.0720968279542621e-05
5203,6.865002947468886e-06
5204,1.6783392490779348e-08
5205,0.002019611830989916
5206,1.654417606470695e-10
5207,0.014716176986455637
5208,9.96950483030177e-10
5209,1.4103106295290931e-07
5210,1.7554121891395995e-08
5211,3.6946300542128895e-08
5212,2.9126967869175036e-08
5213,4.0565824832804235e-07
5214,2.3588005216102723e-08
5215,6.189738580627606e-06
5216,3.8919683115807756e-08
5217,1.983767141805726e-09
5218,3.38944436725372e-08
5219,5.93977395796143e-08
5220,1.2707989320851445e-08
5221,3.6621050252618e-08
5222,0.00010933280375982316
5223,4.0683023319078036e-05
5224,2.1599565317356765e-09
5225,8.378135277954462e-06
5226,2.63269276575442e-09
5227,1.3919917644561945e-06
5228,0.01342600559259973
5229,3.513837030496161e-10
5230,0.0034805693559330523
5231,0.38531735598558264
5232,1.0597962824727785e-06
5233,6.036824763341236e-07
5234,5.668135186221429e-11
5235,6.912042588741805e-08
5236,8.611710269404419e-07
5237,5.897325682490478e-09
5238,2.516138583724593e-08
5239,2.6746389830399593e-09
5240,2.4190714200942023e-06
5241,1.7382174499520706e-05
5242,0.00012237146551436054
5243,0.037693489329586535
5244,1.6900577008672401e-10
5245,1.8683640598063955e-05
5246,7.458673329612517e-10
5247,5.599876722225716e-09
5248,5.700990000087329e-08
5249,1.1913696332890968e-05
5250,1.912566521993966e-08
5251,0.0003561727481761947
5252,9.639119832728182e-07
5253,1.090674338634729e-05
5254,4.9115426830551475e-09
5255,0.0002654961976681211
5256,8.050360790362567e-07
5257,3.40653313727413e-09
5258,1.8534073448081138e-07
5259,3.409645612464764e-08
5260,1.0382112332996225e-06
5261,3.4826176620500684e-06
5262,4.417798042959031e-09
5263,6.497471555325698e-09
5264,4.542717415712859e-06
5265,8.876211897701622e-08
5266,1.3624233590060786e-10
5267,0.23192645758532898
5268,1.6130196801439163e-06
5269,0.5125219581729226
5270,5.801308590032772e-09
5271,4.174383603926609e-05
5272,5.88367011345119e-10
5273,9.622779569437155e-08
5274,2.707278461013293e-09
5275,2.0519522286583873e-05
5276,4.493368885623575e-07
5277,0.014772778517489187
5278,0.000997362101468648
5279,3.4828163836788827e-06
5280,0.00012464067879260264
5281,1.1949761206672576e-08
5282,1.6605469467230656e-07
5283,1.217820618323001e-08
5284,2.5832429602537856e-06
5285,1.0316678695871481e-08
5286,1.0363449206994129e-08
5287,2.4626906232252134e-09
5288,3.0784556916332373e-06
5289,6.860799413056099e-07
5290,7.200901556907434e-10
5291,1.4163542839417364e-07
5292,2.790347147449163e-06
5293,1.1540957503008273e-07
5294,2.749770690309939e-08
5295,9.47996096337286e-11
5296,0.0005935229603280176
5297,5.6279083362275914e-09
5298,0.015150800905135136
5299,0.22478421246080185
5300,1.6893093634528512e-07
5301,2.8435000521365248e-09
5302,4.205902655270148e-06
5303,1.98277309314542e-06
5304,2.56973378533912e-08
5305,7.156183136702175e-06
5306,1.6772133653243054e-08
5307,3.0679857603167546e-11
5308,1.9438202005279314e-11
5309,4.4399077352796245e-06
5310,1.32692484955642e-09
5311,5.7396692902587263e-11
5312,8.525200037227248e-06
5313,6.4197778428217615e-09
5314,8.923624217719951e-10
5315,2.5881490361791506e-07
5316,1.2973202160110423e-06
5317,1.4923154591664295e-09
5318,6.544272233014338e-10
5319,3.058869706038792e-08
5320,5.2707569333381414e-09
5321,1.334069684809691e-07
5322,7.068644666046018e-09
5323,3.8995328664255355e-12
5324,0.7971030982349349
5325,1.871844967948521e-08
5326,4.638882746042038e-09
5327,1.260098652948861e-10
5328,1.5239283768232046e-05
5329,3.5731138760037954e-08
5330,0.00037538551932316623
5331,1.399459266121979e-08
5332,7.872609574867667e-05
5333,2.0819182093708295e-07
5334,3.720039714373884e-08
5335,2.7245643711742003e-07
5336,4.748934169056411e-09
5337,1.705945000715878e-08
5338,0.00023162710031318965
5339,7.165538143743568e-06
5340,3.817233781410413e-05
5341,2.235704975886529e-07
5342,1.1930098068236223e-08
5343,1.3270800235501018e-11
5344,5.8598614623619865e-09
5345,2.2835457068277955e-08
5346,3.240565812790017e-07
5347,2.2843715050998032e-08
5348,1.2821186454979727e-08
5349,5.1498471818382215e-11
5350,7.419321773270821e-07
5351,0.0006998317480570199
5352,3.8920666463662694e-07
5353,1.2735909450981967e-08
5354,1.209841771472377e-06
5355,0.047467520490183705
5356,0.00023794146587666695
5357,8.082289074870998e-11
5358,8.739825859205026e-08
5359,9.518834385500387e-11
5360,4.946449960456742e-06
5361,1.537548623612519e-09
5362,0.0005639293573185699
5363,2.893821241255269e-09
5364,1.784420561104244e-07
5365,2.459778499544996e-09
5366,7.293969703923432e-07
5367,7.548445834118158e-13
5368,2.539500497257879e-10
5369,4.62667660077447e-08
5370,2.6608543316352387e-08
5371,2.9018089945959014e-06
5372,1.0307059838484482e-07
5373,0.0008500193401130429
5374,2.7352411957688926e-08
5375,1.9384400116078267e-10
5376,5.000712718477378e-09
5377,4.0426439489511654e-10
5378,6.192412174422269e-08
5379,0.0020936607323466853
5380,1.159957285936302e-08
5381,1.4095407669687655e-11
5382,2.52346261526066e-08
5383,1.5608643734505802e-06
5384,0.001307714653282339
5385,2.1587991154705653e-08
5386,1.6869369045717093e-06
5387,5.862645434975976e-08
5388,5.727779752344506e-07
5389,9.41169082721986e-07
5390,3.2543629235432676e-05
5391,4.770216768477584e-07
5392,1.2941754205160591e-07
5393,2.7599182187750586e-08
5394,2.5394230252533317e-08
5395,5.442947834238891e-09
5396,2.3579794399198013e-08
5397,3.210725086562821e-08
5398,2.6963787135290995e-08
5399,7.180492653792121e-08
5400,2.7937052780449296e-05
5401,6.521253927402457e-06
5402,1.336296829118055e-08
5403,1.7006430758384046e-06
5404,1.4534378083423778e-08
5405,1.5030493954495129e-09
5406,6.21177907669128e-08
5407,2.310709499180422e-08
5408,1.790477221709673e-08
5409,1.2530552251597918e-07
5410,1.447317851371413e-09
5411,4.281582929346213e-05
5412,2.1665499502822458e-07
5413,0.0008783763050576587
5414,1.660275325226565e-08
5415,0.5961135634037634
5416,2.895791689669092e-07
5417,5.905314930645715e-10
5418,0.0006402253935934974
5419,5.046883797303638e-09
5420,4.7675497338878895e-09
5421,5.426799837473833e-08
5422,6.644145931306445e-08
5423,0.0008557921320802372
5424,4.5127589138781124e-08
5425,7.853251030805371e-07
5426,3.4439590873814916e-08
5427,3.606747280267881e-06
5428,2.1629125896946203e-07
5429,2.7693398437609155e-07
5430,2.1099939638930098e-07
5431,5.953072204499554e-10
5432,4.52012285698223e-09
5433,0.11637654406079674
5434,8.063751294191842e-07
5435,1.9207491801983893e-08
5436,2.690241999898628e-05
5437,8.460820580258785e-05
5438,1.273023608310184e-09
5439,1.457598364063948e-07
5440,2.4464091272601415e-07
5441,7.276749710322212e-08
5442,4.111635264055689e-10
5443,0.05746542552916395
5444,0.22346607008270988
5445,5.71126450443849e-09
5446,1.4647056484658928e-07
5447,1.4470526357793836e-07
5448,4.062572141420295e-09
5449,6.809859768490441e-05
5450,8.00289018448737e-09
5451,3.6208652989082396e-08
5452,1.968626184408607e-08
5453,1.4529522158361729e-10
5454,2.2725316014906744e-05
5455,0.02985704044354539
5456,1.8912385542777726e-07
5457,9.304141158871455e-05
5458,7.802514192501687e-06
5459,3.6961725441448937e-07
5460,1.2448255384579615e-08
5461,4.026267414604644e-08
5462,3.0671854993833695e-08
5463,2.3795664063719686e-11
5464,4.20454336138827e-07
5465,3.3166482722726987e-08
5466,9.507714413010034e-11
5467,1.1857382738159055e-08
5468,4.54353415753002e-10
5469,7.812591020341488e-09
5470,0.0004315129904752934
5471,1.750533626885038e-07
5472,1.9601848056861057e-09
5473,3.361947331813321e-08
5474,9.135718985018006e-08
5475,2.3862923431251815e-06
5476,7.958665073742475e-08
5477,8.82760802823195e-11
5478,7.791694274300719e-09
5479,1.7763186256447026e-07
5480,3.284053679412753e-06
5481,1.7548186608337655e-07
5482,1.8185031842632745e-10
5483,8.772571548175197e-07
5484,9.822205681784889e-09
5485,1.456679503648606e-07
5486,6.205947629247329e-05
5487,1.2107777229049984e-06
5488,0.0001470752274253632
5489,3.48115423021654e-09
5490,1.2431713147010525e-06
5491,7.095349029793386e-10
5492,4.385507293128784e-10
5493,0.0003406172654887942
5494,8.122537261403075e-08
5495,2.7874490075861457e-07
5496,1.812104769587277e-10
5497,1.557697679458411e-07
5498,3.726964743899879e-07
5499,8.124461419185614e-06
5500,4.434347807016098e-05
5501,3.8653771522339175e-09
5502,5.852811940192759e-06
5503,2.211396305961789e-06
5504,2.7900267771578124e-07
5505,8.869236494654808e-08
5506,5.3459645638431164e-05
5507,8.624456313227457e-09
5508,5.568635149996552e-06
5509,0.014017865267229826
5510,2.784954200358157e-07
5511,9.739325547816256e-12
5512,4.093521970364279e-09
5513,2.737867203951599e-08
5514,1.0773192127641551e-10
5515,3.2626492946727615e-07
5516,1.3133094629313068e-09
5517,0.0008411527122047837
5518,9.428239617769892e-10
5519,5.893285121205886e-07
5520,1.989239663204798e-10
5521,2.5111989099139474e-07
5522,1.0967411072322621e-07
5523,8.237401451680702e-08
5524,2.2758461873334035e-07
5525,3.3519714409183267e-08
5526,7.384876793903877e-09
5527,0.15495987075954404
5528,6.861254183397692e-09
5529,4.02062811397994e-11
5530,1.0156996102914294e-09
5531,7.372206723094464e-09
5532,1.387153708418665e-10
5533,1.834356793926759e-05
5534,4.885290688365057e-06
5535,2.1192528294217984e-07
5536,1.61175750796299e-05
5537,8.762079143125112e-09
5538,9.901567402154467e-08
5539,3.115407534027751e-09
5540,5.963395927914865e-08
5541,2.060529253456764e-09
5542,4.492396844596027e-08
5543,3.200971772953658e-07
5544,0.15891755982028563
5545,1.3587886495473875e-07
5546,7.495932898608443e-08
5547,6.968705590161623e-06
5548,5.924615447506395e-08
5549,1.4806718043643005e-06
5550,2.3869473537175222e-05
5551,0.015044943677314293
5552,0.1337131264906603
5553,1.8788417291340582e-08
5554,5.67252117579697e-09
5555,3.320504215237392e-09
5556,0.0004882570260086516
5557,0.06767246302107958
5558,2.932804101652277e-09
5559,4.104760674782887e-08
5560,3.5580940013491077e-09
5561,1.5153353802257335e-10
5562,2.8882770688880214e-09
5563,4.499102041427853e-09
5564,2.1134130149128374e-09
5565,9.077277875526081e-07
5566,5.269107562039165e-08
5567,0.06926875300768831
5568,0.00029645258372694596
5569,1.711019772650108e-08
5570,9.473292655789819e-06
5571,1.279750004537972e-09
5572,3.761607821255271e-09
5573,0.0003478770650432322
5574,1.2541138856915518e-08
5575,1.8074566022879106e-08
5576,2.8874538528721096e-05
5577,9.584817574574255e-07
5578,1.969105944996043e-06
5579,7.171056657833049e-09
5580,3.5405274943532125e-05
5581,3.554356051172532e-08
5582,1.1468013661789009e-08
5583,3.4881055685764025e-07
5584,7.781161544420852e-08
5585,4.1654722273579825e-09
5586,2.334800818233226e-08
5587,6.226038924826617e-09
5588,8.50048723935979e-07
5589,3.884200730158761e-09
5590,4.263754016123686e-06
5591,3.1474256264626985e-09
5592,2.2694256027602332e-08
5593,5.368423096682789e-11
5594,8.811118035587856e-08
5595,9.485770439563644e-06
5596,2.9597638134623247e-10
5597,2.8654106633858743e-08
5598,2.1975475446626014e-07
5599,1.3033888218364555e-06
5600,4.9836796012210985e-12
5601,6.415255581983989e-07
5602,3.6005082405943325e-07
5603,4.458816357363275e-09
5604,3.747010571106689e-08
5605,2.2142387626655373e-09
5606,0.0005609052597248703
5607,6.268150811751176e-08
5608,1.963067818288189e-09
5609,7.782195444541488e-09
5610,4.045097126457511e-05
5611,2.7762284510134984e-05
5612,1.4601745839142581e-08
5613,1.0033104675925358e-05
5614,9.14300206847727e-11
5615,4.583422294392004e-11
5616,1.5286125427102802e-07
5617,1.7913867117885912e-10
5618,1.5871279354323302e-09
5619,2.527691881059136e-09
5620,8.236196896932641e-08
5621,0.08280833242880146
5622,6.809174320248065e-07
5623,9.89186330829808e-11
5624,3.943465352939054e-08
5625,0.010597497217826114
5626,1.6365960202257127e-07
5627,1.1422573588040044e-08
5628,0.00011555109493335174
5629,0.024121788518754572
5630,0.013673098076843308
5631,1.6715097840337076e-07
5632,6.998868050171974e-11
5633,5.318771136242222e-08
5634,6.343376032213926e-10
5635,6.094693859708657e-08
5636,9.573625314155656e-06
5637,1.9223227341093293e-07
5638,1.9587934808645773e-07
5639,8.78844946637056e-06
5640,5.203813984515217e-07
5641,2.145196685075624e-06
5642,2.4110894977940296e-11
5643,2.566125504440138e-10
5644,2.0334360571215137e-05
5645,2.5449728855053984e-08
5646,8.950881088976777e-05
5647,1.605350501053346e-10
5648,6.841988525662657e-05
5649,5.528601653958598e-08
5650,5.643846733445975e-10
5651,3.242839851520924e-08
5652,1.1499209820091849e-11
5653,5.502075102021885e-10
5654,5.085581609453498e-06
5655,3.779390162857003e-11
5656,7.03116994194632e-11
5657,0.04591999726620094
5658,1.6371326334844837e-07
5659,1.7306710002545142e-07
5660,4.523264493842913e-06
5661,0.0002538844542499266
5662,6.087994393232392e-11
5663,4.097350566009549e-07
5664,4.2653989484848924e-08
5665,2.089431293970021e-11
5666,3.4426737590249794e-07
5667,3.038038370470177e-10
5668,6.054664172827221e-10
5669,3.968980912828146e-11
5670,5.1606858260864576e-08
5671,3.4054565793620195e-11
5672,4.320831047095871e-06
5673,3.252050216883281e-08
5674,1.6557439176125415e-07
5675,1.1133800141060712e-10
5676,1.172123499476415e-10
5677,2.7923573875338117e-08
5678,4.9383032322697943e-08
5679,5.992340478204645e-07
5680,8.999919320720312e-09
5681,1.2791144869732722e-09
5682,4.542990043656259e-09
5683,5.2517500962284333e-11
5684,4.05165843245314e-08
5685,6.670732697576117e-07
5686,2.2274898521776942e-10
5687,1.065564973045749e-07
5688,8.593714453136015e-07
5689,1.5583551488595646e-10
5690,4.9128563151699815e-08
5691,1.1879121076463453e-08
5692,3.968420492312608e-08
5693,1.5170003785360734e-07
5694,3.6099755457585274e-07
5695,4.6159259681010866e-08
5696,6.098096692408994e-07
5697,2.362520918924095e-06
5698,0.3192940555968517
5699,7.012909137047646e-07
5700,4.1806005953771134e-06
5701,6.382288718319776e-07
5702,2.815630088170444e-08
5703,7.584669646401671e-06
5704,1.3735409959986384e-09
5705,0.00019583089236124054
5706,7.921707791997505e-09
5707,1.3163860866786606e-05
5708,1.1396037903492445e-10
5709,5.371191818613446e-10
5710,3.619152863820684e-08
5711,0.008779275232242482
5712,9.274631390284222e-07
5713,0.00031627066277163174
5714,1.5495528299208686e-06
5715,2.550702348573537e-07
5716,7.347355326898968e-11
5717,1.464981628957388e-10
5718,4.283853409474062e-09
5719,3.995153271819278e-07
5720,1.412686741564955e-10
5721,1.0999263577154894e-06
5722,8.158922991012264e-06
5723,1.7796828664600168e-09
5724,1.509260211646633e-11
5725,0.0004052139116671562
5726,2.7052982629315393e-10
5727,3.2830089261111765e-08
5728,2.799580829324768e-10
5729,0.007655146009235096
5730,9.110904301804585e-07
5731,1.5235672905193845e-08
5732,6.285971704439755e-09
5733,1.0248257321593842e-07
5734,4.289608896843952e-08
5735,6.827377914612213e-10
5736,8.814975884523408e-07
5737,1.0313382722641501e-07
5738,1.0462957857895273e-10
5739,0.9945591804999239
5740,1.3151593151312378e-07
5741,1.1450930532177297e-05
5742,1.1353330824390795e-07
5743,7.315814481204988e-07
5744,1.8914179557044356e-08
5745,4.284195561839134e-07
5746,4.195414260972141e-09
5747,1.048539742079104e-09
5748,6.241077170848681e-06
5749,1.75634754004151e-05
5750,0.047669164125448145
5751,9.636194180263267e-08
5752,2.583936723049043e-10
5753,1.9387445112322806e-05
5754,1.6567120393613842e-11
5755,1.9739989335026373e-05
5756,2.96969936272974e-09
5757,2.239257451926324e-08
5758,2.347272121928279e-07
5759,9.799801896332537e-05
5760,4.864026397681092e-09
5761,8.256021655982272e-06
5762,4.7252740716483513e-07
5763,0.23194227916250765
5764,4.8074707675913625e-08
5765,2.4161008938872716e-09
5766,6.310464197583352e-07
5767,2.519837175479355e-10
5768,0.0004166837679214164
5769,6.145002559539533e-07
5770,3.2278482409273247e-09
5771,5.860604852908275e-10
5772,5.825135072088115e-11
5773,2.530729969627627e-08
5774,5.4222542665661794e-08
5775,2.2533507332185296e-07
5776,3.890487170113842e-09
5777,1.6282325462868279e-09
5778,3.068467172027712e-05
5779,5.750741501979266e-06
5780,2.8110349091927163e-06
5781,4.114063221313804e-08
5782,4.794155287018369e-08
5783,2.169878187900282e-09
5784,2.0970583236846197e-08
5785,2.0937978739044395e-09
5786,1.7995258206985874e-08
5787,4.20753276928783e-08
5788,1.0547642383255614e-05
5789,5.746891186814861e-07
5790,6.803691040838495e-06
5791,2.3211077986573376e-06
5792,6.67824401960401e-08
5793,7.139786975704963e-12
5794,0.06550460771915123
5795,1.2287071152730071e-08
5796,7.13864921587828e-08
5797,3.6002579768991595e-06
5798,4.066495090019355e-06
5799,4.5253072565801335e-10
5800,9.666458821056204e-05
5801,2.78395134403506e-09
5802,0.3635098916068628
5803,1.3048239572879458e-08
5804,3.2729314264031766e-06
5805,3.798243663863754e-08
5806,3.0371204367786184e-07
5807,7.734921061779309e-06
5808,4.3653812554193077e-07
5809,3.045848795059075e-08
5810,1.0346108327283418e-08
5811,0.00021996816334093433
5812,4.753925730432329e-09
5813,7.163257202652886e-08
5814,3.256109264691082e-07
5815,8.095294231972875e-07
5816,1.3734404250579598e-06
5817,2.8829241896864468e-08
5818,2.1290896832617032e-07
5819,6.25595081585702e-08
5820,7.978425360414186e-07
5821,2.4679443119163766e-12
5822,2.839970687678718e-09
5823,3.759219799317647e-07
5824,1.412499921272477e-07
5825,2.7040704463377056e-05
5826,1.1231529700808788e-09
5827,4.083616910113898e-06
5828,1.6778045562607998e-07
5829,1.2058308382445782e-08
5830,2.6154668491115666e-06
5831,1.1179750452167017e-08
5832,1.398829459658036e-06
5833,2.078955521541267e-07
5834,1.4845428380188847e-06
5835,2.1296985503205277e-07
5836,1.513668192311364e-10
5837,1.5005599226830053e-08
5838,0.00015844387001685817
5839,8.463749974963444e-08
5840,2.7542023136012326e-08
5841,2.153397738903918e-05
5842,9.748725242610324e-09
5843,2.0799316462708018e-07
5844,0.042556868825701206
5845,1.2924631961166532e-07
5846,0.11295415330282466
5847,1.7942545616663585e-08
5848,7.018318751095987e-05
5849,2.934682430483117e-08
5850,3.677674523210006e-08
5851,7.080246486664646e-10
5852,8.850249855706386e-08
5853,6.3975297006374356e-09
5854,0.6641944457358859
5855,5.073951565987161e-07
5856,2.6176263965679996e-08
5857,1.7872656981651303e-05
5858,8.619755712481364e-07
5859,1.2798885637419076e-06
5860,2.5759718354907773e-11
5861,3.2153221792275082e-09
5862,6.659560828336149e-12
5863,2.45349765179469e-07
5864,7.104634949200688e-09
5865,2.500277686977245e-05
5866,0.00047432807556492106
5867,2.0717172390080915e-08
5868,0.00011752893706320824
5869,1.6493654648565509e-07
5870,3.9874196552849583e-08
5871,5.846264564795092e-07
5872,4.40250997965471e-05
5873,4.4977336172885335e-10
5874,4.3518602726948375e-09
5875,7.837617196918861e-08
5876,4.660408877082043e-10
5877,0.000734553365258441
5878,0.00016801027607790615
5879,1.0836810126596805e-12
5880,5.843741735833251e-08
5881,4.844862164576627e-06
5882,3.420520806544838e-06
5883,2.4525527169145744e-09
5884,0.0749438089011967
5885,1.4838257837571701e-08
5886,3.5092326342406947e-08
5887,5.824898074533178e-07
5888,1.746167873222666e-09
5889,5.511283307939151e-08
5890,1.0176848975189932e-09
5891,2.424871382650727e-10
5892,3.3029421118286056e-08
5893,0.00013572961665330694
5894,2.090897230119644e-05
5895,2.055948425057245e-10
5896,4.975576123938075e-07
5897,2.637304018865396e-07
5898,5.365630913945033e-05
5899,5.731455156514338e-08
5900,3.4097335800594867e-06
5901,1.329949715815752e-08
5902,1.0227415817218096e-06
5903,1.043998706446298e-10
5904,9.487647203383772e-07
5905,8.888959765832182e-10
5906,2.4705962209957777e-07
5907,4.952878607058171e-09
5908,7.677763514587479e-07
5909,3.223482604970104e-10
5910,1.3043999176054735e-07
5911,3.5094959325020158e-06
5912,2.972521568736378e-09
5913,0.00013564206394676726
5914,1.1483362179735247e-09
5915,0.07936874081011365
5916,1.4651191881552883e-07
5917,2.8404196330153654e-08
5918,3.2651713484967016e-09
5919,1.0264186850477154e-06
5920,5.213913116388169e-10
5921,3.332974006854638e-08
5922,9.012025172461338e-10
5923,2.1663454097699193e-06
5924,1.8705215220674162e-08
5925,0.0003663631805884772
5926,2.0907176958055987e-06
5927,0.8678863274300286
5928,9.716935714790093e-08
5929,0.00046789786759049966
5930,3.0600978037502737e-06
5931,1.454297110726955e-07
5932,6.051977122960141e-08
5933,0.006680552196783376
5934,1.5087896864714802e-07
5935,3.183602268157493e-08
5936,1.7514356900009677e-10
5937,7.082518954787537e-09
5938,1.3559687974383443e-09
5939,3.792188748925985e-10
5940,1.3627333703635187e-07
5941,1.8420494793994916e-06
5942,0.0007886764351010198
5943,3.189780372418286e-08
5944,1.1636235778870606e-06
5945,6.453654283736667e-07
5946,4.455317643879912e-06
5947,6.758119443896002e-09
5948,0.4791912154975086
5949,7.578384102074069e-08
5950,3.3684452926632343e-09
5951,2.955192335639766e-09
5952,1.336978886262447e-05
5953,0.27482569770904475
5954,3.904725907061347e-11
5955,0.00024629977096416356
5956,2.5826648129782534e-09
5957,0.0051849675198868215
5958,8.428848126401913e-10
5959,1.4865776003739199e-08
5960,2.1587732212137356e-10
5961,2.7055295137935637e-08
5962,3.1640793146915207e-06
5963,1.2661775178881504e-06
5964,1.6364013407570279e-09
5965,2.1788213539935283e-07
5966,0.0002785435726622945
5967,2.465332928558679e-09
5968,1.6442481669175692e-09
5969,1.7555325343584216e-09
5970,5.543000423694786e-08
5971,5.9278778245490994e-09
5972,9.022465863464773e-07
5973,4.1436836240017385e-07
5974,8.845543127045953e-08
5975,4.170942840272946e-08
5976,1.8815457424252787e-09
5977,1.4732516987232469e-05
5978,9.396817603075892e-06
5979,7.007947804021452e-06
5980,9.408905865738166e-09
5981,8.471308855778501e-08
5982,9.072065331690318e-08
5983,0.00020297506566183888
5984,3.767302397201331e-10
5985,2.0511709154059782e-07
5986,1.6121821173689595e-08
5987,1.4374030599097906e-07
5988,1.5378517862277177e-05
5989,6.279438743006265e-08
5990,0.0066387124738621905
5991,1.5006125968021796e-08
5992,2.333566387718699e-10
5993,8.108507316408656e-09
5994,6.26433535063611e-05
5995,1.6706792059772103e-07
5996,1.4764299139092877e-06
5997,0.043566477399466466
5998,1.026232753207744e-09
5999,2.5525376408504464e-06
6000,0.12045022299387038
6001,1.6179253769327398e-07
6002,5.035125714920585e-08
6003,5.836953017508437e-06
6004,1.248578599591228e-06
6005,5.958110636423675e-10
6006,2.9189105051948564e-10
6007,2.2578734508227537e-07
6008,4.232283433961674e-06
6009,1.3293634158301795e-08
6010,8.468511751775581e-07
6011,4.901919597931526e-08
6012,1.237261074164703e-09
6013,2.956921781124111e-07
6014,0.034469029366268576
6015,9.170456656619258e-08
6016,5.54036664072569e-10
6017,9.056342777771506e-05
6018,4.985363824141622e-10
6019,2.169151340814221e-06
6020,4.352080957614036e-07
6021,4.710316009639908e-08
6022,2.002972895659114e-06
6023,3.965833935321166e-05
6024,4.4030922628544895e-09
6025,9.40970436068855e-09
6026,1.8210435508242047e-10
6027,5.966002566890601e-05
6028,2.6898000584065837e-07
6029,2.6964288693068736e-07
6030,4.192614946527058e-09
6031,1.1768915610173494e-07
6032,6.37129860279788e-07
6033,1.3669347718758867e-05
6034,2.1512474587526937e-08
6035,3.7820764704405822e-06
6036,2.2328368013916213e-05
6037,1.6710847484855105e-10
6038,1.052860081862296e-08
6039,0.0006801184226351951
6040,3.858055993693433e-05
6041,0.00032285746968349226
6042,2.086962908769895e-10
6043,1.3888881242542872e-06
6044,0.000193390800041063
6045,2.143194909157738e-06
6046,3.909836577364808e-08
6047,5.286596071013659e-12
6048,6.593366285255212e-07
6049,6.709694365600867e-07
6050,9.402854314061342e-10
6051,1.1639235054646593e-08
6052,2.243574935791576e-06
6053,4.1859855896871305e-07
6054,1.1769901513713273e-06
6055,1.273500216929336e-08
6056,1.99421550736746e-09
6057,2.0512326408533553e-08
6058,3.472259900518189e-11
6059,0.5483789550981084
6060,1.265866183431761e-06
6061,2.7023381805624777e-06
6062,3.283114223327e-12
6063,3.000600443109502e-08
6064,4.8899753562100565e-08
6065,1.2913054828840622e-05
6066,6.973559934014012e-06
6067,8.996867381984478e-09
6068,0.0007314041728025319
6069,3.1636868540455306e-07
6070,1.3593446325518132e-09
6071,8.572141979431646e-09
6072,1.301814294594917e-08
6073,0.21273995629481882
6074,0.00098553156215742
6075,1.4392283318860752e-07
6076,1.6112326606965798e-09
6077,1.8538049347062386e-07
6078,0.014165108438740193
6079,7.657582789050641e-09
6080,1.1614716301284869e-08
6081,6.35525596915019e-05
6082,1.8557432450609743e-08
6083,2.9998390985386518e-06
6084,1.6855097454054064e-06
6085,1.0469361837582475e-06
6086,1.3685672174034146e-11
6087,9.769240528561203e-07
6088,6.897498135895081e-07
6089,3.322224826421031e-08
6090,6.962796695521655e-07
6091,1.3533204046154098e-06
6092,1.766274244042857e-05
6093,2.3788237752420377e-08
6094,5.433816869593906e-09
6095,9.762524393982777e-08
6096,1.1943098468656121e-08
6097,7.113845749237158e-06
6098,2.7282945250905734e-07
6099,3.545215182261293e-11
6100,1.466043709895926e-07
6101,1.0171446851889578e-08
6102,4.041866428979039e-09
6103,1.931259960476061e-09
6104,3.516877389518463e-07
6105,8.672341866967727e-12
6106,4.04762540381415e-07
6107,7.969907576766657e-10
6108,4.1375547424237754e-07
6109,2.9277903800701153e-08
6110,1.084361235901409e-05
6111,9.713247053111585e-08
6112,5.503238424055074e-07
6113,1.2356133587231113e-08
6114,3.1158342840095833e-07
6115,1.2787290757890205e-07
6116,4.044684816049875e-06
6117,2.9203830290687825e-07
6118,1.3465686067153242e-10
6119,1.0071147345943585e-07
6120,1.382495739350551e-07
6121,2.4899435103970024e-07
6122,1.7630710365126127e-10
6123,1.5058754607925217e-06
6124,0.016348349022636086
6125,5.587540185418265e-06
6126,3.12955596247953e-08
6127,3.4562712825973734e-08
6128,0.11094808645684875
6129,3.563789303352683e-07
6130,3.585915406239739e-06
6131,1.6385721484095144e-05
6132,0.0009170385705624097
6133,0.001020738722120345
6134,1.7684423965157147e-10
6135,2.8833440120040614e-10
6136,4.0373627704042725e-09
6137,2.6634718638326757e-09
6138,3.5861126026682245e-10
6139,3.9406772825338306e-08
6140,6.941037906987148e-08
6141,1.3788169688212514e-08
6142,2.134402443430547e-05
6143,6.547071449656223e-10
6144,8.780741349797862e-09
6145,5.8360185568907514e-05
6146,2.104069800113433e-08
6147,3.9487663859016264e-08
6148,3.445661399272734e-08
6149,0.6322477825030104
6150,0.005304867784952982
6151,6.707933425674713e-09
6152,4.176095043277767e-05
6153,0.0003607306049670775
6154,7.492542211557607e-08
6155,6.297586842184476e-10
6156,8.725235330042557e-07
6157,1.0471522629587822e-06
6158,7.839374560649103e-10
6159,4.240984754470436e-09
6160,3.243683795620835e-05
6161,1.3292989709372696e-07
6162,3.891510811337401e-09
6163,3.223504768001787e-08
6164,3.3371624593515677e-06
6165,9.09108298525645e-06
6166,1.069425967704199e-08
6167,5.694602641139107e-09
6168,9.061468079284638e-12
6169,3.956262888083249e-05
6170,2.1439052368839767e-05
6171,1.9522185001010696e-08
6172,0.00016074362018123355
6173,1.177318237745004e-06
6174,1.5216946973016482e-07
6175,6.093247216528253e-09
6176,0.002579876447883061
6177,2.1179192281000872e-10
6178,0.00010179909556432692
6179,3.290448979300847e-08
6180,2.8874549430929783e-08
6181,3.5685855763070444e-10
6182,1.2046730224701819e-08
6183,1.742717095829551e-07
6184,1.6755605015361033e-08
6185,3.1451542219664934e-07
6186,3.598418325613104e-06
6187,8.296580165634264e-09
6188,4.475359557789259e-07
6189,3.364031842182056e-08
6190,1.9288946680695474e-10
6191,0.0004625962999032553
6192,9.64106894623699e-10
6193,3.1329967295709746e-08
6194,5.524397463327826e-07
6195,1.2434063674376353e-07
6196,2.179852218870214e-06
6197,1.3714891001124094e-08
6198,3.3130476263349135e-06
6199,1.4234667374360157e-07
6200,2.803981979502835e-06
6201,9.79156719182729e-06
6202,1.1091187664195178e-06
6203,1.536527912705321e-10
6204,1.68408823625756e-07
6205,0.26590197330346593
6206,1.2228665839850099e-08
6207,1.69593804431039e-10
6208,2.877923696400353e-10
6209,4.925817224593438e-07
6210,6.794430891509504e-09
6211,3.788464071036355e-08
6212,4.391370820650505e-07
6213,4.512466937926693e-07
6214,1.0305431994596744e-08
6215,3.7184841472516703e-06
6216,6.518644594260265e-09
6217,3.1140682478882154e-06
6218,1.725037209676369e-07
6219,3.7079696287759384e-06
6220,1.108754755916673e-09
6221,6.771845603665266e-07
6222,5.965703129139808e-07
6223,0.04754682811381883
6224,1.9095296126719735e-09
6225,1.5148807300000933e-09
6226,5.097966572603499e-08
6227,6.747984708892816e-05
6228,1.5040901435391962e-07
6229,7.907186662330083e-08
6230,9.461257692941291e-08
6231,1.6745461459423892e-09
6232,1.5902802547547557e-05
6233,2.255218543020883e-07
6234,9.794999023258629e-09
6235,2.6349708241812754e-07
6236,4.709985097834438e-10
6237,8.055293464605096e-06
6238,2.4358420775616493e-08
6239,4.146914337285772e-09
6240,6.81726331335473e-09
6241,0.03497387261317849
6242,0.029316925122103665
6243,5.37745165716786e-05
6244,0.2092208935422204
6245,1.4106276028638027e-09
6246,0.00011137513056164469
6247,6.537847524614986e-11
6248,1.2395134464761802e-07
6249,9.100674537872101e-10
6250,3.3297439465404418e-06
6251,3.268806521612e-07
6252,1.3838393400394487e-07
6253,2.301648074104051e-08
6254,5.3986465433266025e-08
6255,3.8194081476044745e-10
6256,1.5097875155134941e-05
6257,5.772587272577865e-07
6258,5.676283197424857e-06
6259,1.1597749563487204e-08
6260,1.163085042022584e-07
6261,0.12325931551458166
6262,7.662552326874502e-07
6263,2.0713482499873092e-07
6264,1.5777656423351647e-08
6265,1.6413510097773984e-05
6266,1.5921018909617197e-07
6267,8.896564323726842e-05
6268,3.044080247134246e-06
6269,0.005941588163965857
6270,1.783004999273428e-08
6271,6.471119440224511e-08
6272,3.687302112895376e-10
6273,2.0691928945631337e-07
6274,1.5692552585834775e-07
6275,1.19948085834584e-05
6276,2.066926115314685e-08
6277,1.0314735614118295e-07
6278,0.06402505532412779
6279,4.150315338771493e-09
6280,6.0147067197402447e-05
6281,3.574236361691826e-07
6282,0.43585505529818763
6283,1.8932595993263966e-08
6284,9.40990543766416e-08
6285,1.3214589884441598e-07
6286,2.9401922608347603e-07
6287,1.230319834350502e-10
6288,4.4683488672162996e-07
6289,3.999775743307811e-05
6290,0.00029857609906257514
6291,2.6804472500940023e-06
6292,6.809944485251028e-08
6293,4.168270388512592e-08
6294,5.856102706389176e-06
6295,3.956906122879014e-08
6296,6.760063865580586e-11
6297,4.676461511142868e-10
6298,2.0605480885837704e-07
6299,1.346801637953948e-09
6300,1.8949143805133365e-07
6301,4.32865463608841e-09
6302,7.421933741182544e-05
6303,8.324165613461166e-05
6304,1.3728882968607798e-06
6305,0.8238876667678017
6306,0.9986077762428774
6307,4.312478585526812e-06
6308,6.709085545963108e-10
6309,8.809819534116185e-09
6310,7.4919159381608314e-06
6311,0.0004021510085998284
6312,5.8511850180287976e-05
6313,0.00016582792733331117
6314,1.627229894177659e-09
6315,9.420268025690716e-08
6316,8.295544477969722e-07
6317,4.5269889493478624e-08
6318,1.7506883520048794e-08
6319,7.220968998659211e-05
6320,1.5662642468946716e-05
6321,2.6075054258734684e-07
6322,3.1114116371254316e-08
6323,1.818146310956313e-08
6324,7.21202168338966e-08
6325,1.3843029921568554e-08
6326,0.6681943542971676
6327,6.286858691755055e-06
6328,5.599084792424789e-09
6329,4.5079106143268996e-08
6330,0.9372450976867543
6331,5.511778953233093e-10
6332,7.477793043367959e-08
6333,0.00037547278391563034
6334,2.0591858668972242e-11
6335,7.1288646881729945e-12
6336,1.2178844427345116e-10
6337,1.072301559877558e-06
6338,0.6743396284745992
6339,6.218472148333807e-05
6340,3.64805280478764e-07
6341,2.5134221975879716e-09
6342,8.763771177380122e-07
6343,1.2383571799715208e-06
6344,2.6476039575968634e-08
6345,3.3038936149806584e-05
6346,6.684375701352612e-05
6347,0.0002736668894259703
6348,7.980247095472892e-09
6349,3.971473765713513e-09
6350,8.511849320899415e-10
6351,2.773851025598803e-06
6352,6.672095908661804e-08
6353,1.2775987805686781e-09
6354,2.0483775927069572e-05
6355,2.3425406047484095e-09
6356,4.170350718180159e-09
6357,8.792825813744468e-10
6358,6.832195985199283e-09
6359,1.134195647917073e-06
6360,1.0831671903188122e-07
6361,8.613559264145169e-07
6362,2.5124430986471083e-08
6363,8.991825800370664e-06
6364,1.7529863848989353e-08
6365,1.723401949214139e-08
6366,2.26145318720391e-08
6367,0.0013406895092926121
6368,0.00286562766778987
6369,6.733131828057831e-08
6370,5.461914789159523e-08
6371,3.433502970210088e-10
6372,1.3060316758173716e-06
6373,6.640233119380127e-08
6374,1.99884940986836e-07
6375,1.5237084218660165e-10
6376,4.16624505031195e-06
6377,2.8472705134332663e-09
6378,2.170121617515486e-08
6379,7.404145562735072e-07
6380,2.6888538821670544e-05
6381,4.247384001610484e-06
6382,2.0187664630343668e-07
6383,6.457563999073921e-05
6384,0.18776778510514847
6385,0.39555338046535804
6386,0.00014736720341426552
6387,4.1551811936596136e-08
6388,6.186922020124252e-08
6389,8.523279817695765e-08
6390,1.0381134804432709e-11
6391,2.2767674994378575e-08
6392,6.18595042102857e-09
6393,0.00010228245248717404
6394,2.397189148168451e-06
6395,4.930040921293907e-10
6396,6.258926183479835e-08
6397,3.132709866781234e-11
6398,0.0026644797529080276
6399,8.327805417104456e-07
6400,2.196987307919458e-09
6401,0.0001127619793168257
6402,9.161195578239926e-08
6403,1.9676959618149692e-07
6404,5.0120331569217335e-08
6405,4.1131587605629114e-10
6406,4.000454931804764e-09
6407,1.2265037627685741e-08
6408,2.186983838597085e-07
6409,0.2495071281810569
6410,6.962063096677322e-13
6411,4.298525351338192e-09
6412,2.5386358903104384e-05
6413,9.803203639247531e-08
6414,8.931225185924675e-09
6415,7.423469280888229e-09
6416,2.9803711581656018e-05
6417,6.159391988150927e-10
6418,5.445980663822034e-07
6419,4.397390467769031e-06
6420,0.18869990575246595
6421,2.9742743179848905e-08
6422,2.1692002020317367e-07
6423,1.0657356125438982e-09
6424,3.467791988594646e-06
6425,1.7539058954296046e-07
6426,0.00029646369300831676
6427,8.741141793033315e-10
6428,1.1819019202886474e-11
6429,5.012457995283242e-08
6430,6.00304982979157e-05
6431,0.0008155245076714443
6432,5.402729020472649e-11
6433,2.9122094673237925e-05
6434,4.3459678235445186e-07
6435,1.0668767272794475e-11
6436,1.997530596894831e-08
6437,1.4607073154425187e-08
6438,2.6431636972374426e-08
6439,6.508052176470428e-07
6440,4.513564289655039e-09
6441,5.98500014994481e-07
6442,5.183174496200265e-05
6443,0.03592673335819685
6444,2.170518439632415e-08
6445,1.7076855073160024e-05
6446,3.0205073046599475e-09
6447,2.4752070501931727e-07
6448,2.0421093125929043e-07
6449,8.262728482250899e-11
6450,8.6240671891991e-09
6451,7.111446061257988e-05
6452,0.00018018298470230651
6453,1.1707536614673215e-08
6454,5.065289680285408e-11
6455,6.167691716861386e-10
6456,2.6758076250742123e-06
6457,9.352882235797109e-06
6458,6.272165585336457e-06
6459,0.014839814080374955
6460,0.009649039995119377
6461,3.2284755161407297e-06
6462,1.217447528138571e-05
6463,1.392754834106451e-09
6464,0.14584202368657073
6465,1.7604607770018919e-06
6466,3.0075591279268006e-07
6467,0.017476413833474494
6468,4.924370255238854e-09
6469,1.1457779625436892e-08
6470,0.00012942758386807438
6471,4.707732385408184e-10
6472,6.175773308436665e-12
6473,0.46957585188017914
6474,1.1196962501791177e-09
6475,4.981350654084055e-10
6476,2.8904502748241805e-10
6477,8.519261644790006e-07
6478,9.965625132769884e-10
6479,2.0750628955616133e-10
6480,8.085838394649995e-08
6481,5.093191299813015e-08
6482,2.446804177273527e-09
6483,3.147390256317962e-10
6484,2.0111371314829676e-08
6485,6.756029519138846e-08
6486,4.302933391439919e-08
6487,5.8207775806211435e-06
6488,8.064989325846782e-09
6489,1.2141434755611042e-07
6490,2.2823224211436487e-08
6491,5.497698513953374e-08
6492,1.7876397975159433e-09
6493,3.001659597128653e-09
6494,0.0002378485195501415
6495,2.8726212772976604e-09
6496,0.00033556586743695263
6497,1.5962440273978448e-06
6498,1.8450768427684895e-10
6499,8.56725333108361e-08
6500,7.4718513823695745e-06
6501,1.270245932700593e-09
6502,4.245729588423844e-08
6503,2.9795382985455458e-05
6504,3.163413494544909e-05
6505,4.6656961568511464e-08
6506,1.5631096770369816e-09
6507,1.0862839027743509e-07
6508,8.167469792457481e-09
6509,1.987900038382483e-08
6510,1.9218318357392316e-09
6511,2.931152559269583e-05
6512,3.7138687468950805e-12
6513,1.772760606527553e-07
6514,8.878978313312683e-10
6515,2.057643729990595e-05
6516,0.0013894877322681183
6517,1.0232976018199803e-06
6518,4.2698269228424557e-07
6519,0.0002223882837219478
6520,0.014094964688104847
6521,6.1025644418204684e-05
6522,1.1494360150054913e-09
6523,1.0393937651750064e-08
6524,4.378528871157767e-08
6525,6.453582459309125e-07
6526,1.897078911838412e-09
6527,6.001969845170192e-07
6528,0.00012789418379696637
6529,1.861219330333445e-06
6530,0.00305907268170479
6531,2.7092802902738807e-07
6532,1.6376038781226447e-06
6533,8.585795162916173e-08
6534,7.603425873049162e-08
6535,8.408249879141733e-09
6536,1.774956891514539e-07
6537,2.55558505391065e-05
6538,1.399199048389975e-06
6539,0.00021089180802076968
6540,3.4953259399251565e-06
6541,2.9547716703306732e-09
6542,2.8733385350287094e-08
6543,9.698932995806561e-08
6544,0.0008407128893977245
6545,5.459534255846603e-07
6546,1.2891840538266317e-06
6547,1.2504585729623853e-05
6548,9.86463648861212e-10
6549,0.0008418375106789512
6550,7.132151617364494e-08
6551,9.093352260180376e-05
6552,5.712202331320638e-09
6553,3.9541365568447765e-08
6554,2.618652654143118e-10
6555,1.2522164038499082e-07
6556,1.4289646641770372e-06
6557,1.1033257864496127e-06
6558,1.2093026312716538e-05
6559,1.3461419908039502e-10
6560,3.478316772125615e-05
6561,3.701742591953597e-07
6562,5.0174899645212976e-08
6563,0.12969040242350377
6564,4.972802726585426e-09
6565,1.14509701058782e-05
6566,3.4829909326398435e-05
6567,2.451252708346281e-07
6568,2.4075818162391534e-09
6569,5.522491526336305e-10
6570,4.10329583566985e-10
6571,6.8912642593573584e-09
6572,4.48572882287936e-06
6573,1.1839334534335554e-07
6574,3.743449559229482e-06
6575,3.831310388834225e-05
6576,4.410831681520235e-09
6577,1.7506622962877177e-06
6578,8.900953272750167e-08
6579,0.00017021199946884365
6580,1.6968836904771676e-10
6581,4.1848491838218e-08
6582,1.3096188948867488e-07
6583,1.0471712033157144e-09
6584,1.8760957807544578e-06
6585,1.744118366268689e-09
6586,5.341560794097332e-07
6587,0.00022027464202240628
6588,0.5892965970974098
6589,1.8630694769857395e-05
6590,9.095212113949475e-07
6591,0.016454150199114274
6592,0.021767746191884627
6593,4.245182137513534e-08
6594,5.377407877165254e-08
6595,3.714782904404821e-06
6596,1.2958020348148203e-07
6597,1.5325241315570854e-06
6598,5.215526526770763e-09
6599,7.455242548816229e-10
6600,0.004114377605774823
6601,3.223510193745736e-09
6602,6.121298302622217e-10
6603,5.036098181931967e-09
6604,4.066392535014428e-07
6605,1.7990203479692116e-09
6606,2.648194526021665e-07
6607,7.583062934254664e-07
6608,2.0128427432887862e-09
6609,1.259453069387866e-07
6610,1.409641346116635e-06
6611,1.8119961154806285e-05
6612,3.520250679904325e-12
6613,4.160327292074634e-09
6614,2.4604063846589035e-09
6615,0.008998833810985941
6616,4.902562797705729e-10
6617,2.2583077160575054e-09
6618,0.004969163066976092
6619,1.3937739118637896e-06
6620,5.557918863952466e-06
6621,2.097835940119276e-09
6622,4.210201757095858e-08
6623,4.501026889033133e-06
6624,6.394196126527989e-10
6625,1.9007503529943763e-05
6626,1.3476196224699012e-09
6627,3.728592169223345e-06
6628,3.1463820005045717e-07
6629,2.3463443862860167e-12
6630,9.600561926859542e-06
6631,0.11643898161915642
6632,5.279934819105081e-06
6633,1.580233784059581e-09
6634,3.8842580722383177e-07
6635,2.8693670869539127e-06
6636,0.0026585941030217515
6637,7.634229506603264e-10
6638,3.310514424903417e-07
6639,1.920803052435797e-10
6640,3.6523865855913574e-10
6641,1.0375303627368052e-07
6642,1.0035884831804164e-06
6643,8.701222376670313e-10
6644,6.288901763681985e-05
6645,3.246775922076153e-05
6646,2.3787971368088935e-08
6647,1.3921894166793868e-07
6648,2.8065745768592754e-10
6649,8.483352504375424e-09
6650,5.499201100649542e-08
6651,9.072475999618249e-10
6652,3.2825667150389137e-06
6653,3.367638154160356e-07
6654,1.4770412265897155e-10
6655,5.2758427297063684e-11
6656,5.351797791988438e-09
6657,1.0059006725193638e-08
6658,7.366251544248616e-08
6659,9.218786171980082e-09
6660,4.6085181750453774e-07
6661,3.091063561732427e-11
6662,6.000644102049199e-09
6663,0.0003093343385987289
6664,4.86421806752722e-10
6665,3.7778310960192325e-07
6666,1.504127021522814e-06
6667,3.140831152306004e-08
6668,1.149177713017577e-06
6669,1.5966737726886542e-10
6670,9.444096668567151e-10
6671,7.511953726290834e-07
6672,0.995515180608377
6673,6.283743722483174e-11
6674,2.8841445403123345e-10
6675,7.14289949926623e-07
6676,9.765971735415932e-10
6677,1.3751945756926288e-09
6678,4.277489860641175e-10
6679,1.127162438902757e-09
6680,3.8439021117206504e-08
6681,5.1525758438719534e-08
6682,8.538415024158839e-08
6683,1.4723021472189173e-09
6684,3.747499588369497e-05
6685,2.541071083244744e-06
6686,3.7791664894798565e-06
6687,1.6846879216898377e-07
6688,0.1432753271089619
6689,1.0378568926348943e-08
6690,5.026338758820164e-07
6691,0.2041760538846301
6692,1.085862025369442e-06
6693,5.050404732955378e-07
6694,3.114991321687538e-09
6695,2.9304193705885574e-09
6696,4.9790395599404015e-11
6697,1.0232511302328822e-09
6698,0.004498409114621445
6699,6.557839840473603e-08
6700,1.9514851252767574e-07
6701,2.1154934106717465e-08
6702,6.139552557580529e-09
6703,1.2056601511637403e-10
6704,8.198302820465697e-06
6705,9.187416079177182e-05
6706,4.088608778306929e-06
6707,1.9923921077348671e-07
6708,4.339882556338787e-11
6709,1.8516635915437544e-09
6710,5.987478473665655e-06
6711,1.7096048149001557e-05
6712,4.491959073427339e-05
6713,0.0036661711088202043
6714,3.3825920355306766e-09
6715,2.3933544200250274e-06
6716,4.7499477439750816e-06
6717,9.185202942621602e-09
6718,0.0007364709768885941
6719,1.6574346160573903e-05
6720,1.620688292045725e-07
6721,2.4609064541138567e-09
6722,2.688967301373205e-09
6723,1.1740093547516035e-07
6724,1.7748929852642e-05
6725,4.17110435451176e-09
6726,1.1075285184674268e-05
6727,1.5564102977004964e-08
6728,1.0570245085491227e-09
6729,1.4529039106009775e-08
6730,3.5451326572696084e-08
6731,2.838794856109023e-08
6732,7.145756866391978e-10
6733,3.1634615985809758e-06
6734,2.4089390531410462e-08
6735,4.053308269992908e-07
6736,1.5327957717889157e-06
6737,2.8132086956957552e-08
6738,9.925749310615987e-05
6739,2.0061669285577974e-08
6740,9.789528919555067e-09
6741,5.5764241349271755e-11
6742,5.991462954162292e-06
6743,1.078788490314859e-08
6744,2.607536003261791e-07
6745,0.02968974455054848
6746,7.177983715446123e-07
6747,2.9855129964500274e-10
6748,1.8528204179411115e-08
6749,1.5420665143261396e-07
6750,5.26967087246582e-09
6751,7.078639344230453e-06
6752,4.3107741901209715e-08
6753,8.612970349660104e-09
6754,5.442455141978207e-07
6755,9.135504104464128e-06
6756,2.1985671459432551e-07
6757,8.508005576305385e-08
6758,2.6862393802815838e-08
6759,4.35162454952953e-08
6760,3.647731997909987e-09
6761,8.439383657709543e-07
6762,1.930973116516794e-10
6763,6.016206812653063e-09
6764,6.828861681110076e-08
6765,6.56862969893824e-09
6766,1.4217887549233193e-07
6767,6.099714958739514e-07
6768,2.0837139474448278e-07
6769,1.274425208269448e-08
6770,1.0974108430912677e-06
6771,3.12936961756896e-08
6772,3.869296238691698e-06
6773,3.2849117607690093e-07
6774,5.911564808892016e-08
6775,1.720754167404162e-09
6776,2.4988991035114605e-09
6777,8.224582897494546e-10
6778,1.419503618569019e-08
6779,3.4622009435803574e-05
6780,2.37480929852828e-05
6781,2.2907408775111326e-08
6782,5.068016915324617e-09
6783,1.0617978150664927e-05
6784,3.1951729351138526e-07
6785,1.3637870764404659e-07
6786,0.2305442459813118
6787,8.275003014564233e-07
6788,4.867995783948858e-07
6789,1.0230742469365176e-07
6790,2.985881372851198e-11
6791,7.374163518606147e-07
6792,1.1791162012325177e-09
6793,6.433507508827899e-08
6794,1.5604217401811762e-08
6795,4.025125398413975e-06
6796,2.2458924672015874e-05
6797,7.239933379879865e-10
6798,1.7536479293529877e-09
6799,2.8105067561064162e-11
6800,0.0046486069753904225
6801,8.426168765475339e-09
6802,1.2479292765783132e-09
6803,0.49753139574004085
6804,1.9359586081253783e-07
6805,9.966644765792781e-08
6806,2.3247119151342727e-07
6807,4.2768308486673036e-05
6808,1.1627907212918032e-05
6809,5.493686739066947e-06
6810,7.496151300631978e-06
6811,1.462298157944962e-09
6812,0.0008393956828103743
6813,5.307709245820934e-07
6814,8.55396987089729e-11
6815,3.0203782698290865e-08
6816,3.216185561090177e-06
6817,4.272726819519026e-09
6818,0.003440340184211322
6819,0.0032945497120219977
6820,1.8711935455482554e-07
6821,3.70712833751854e-05
6822,7.087637903455426e-08
6823,1.579185251826505e-10
6824,0.08756177693229476
6825,6.726337580988395e-05
6826,5.887652621078294e-07
6827,3.0065709755313e-09
6828,3.1567454259885985e-06
6829,2.0190779493710614e-08
6830,4.9951676181906715e-05
6831,4.819062472980656e-09
6832,4.1327945179062434e-11
6833,0.0001198936568338761
6834,2.3696498987607902e-07
6835,2.0707791604036844e-06
6836,0.00014836402781896637
6837,1.291165174346129e-09
6838,0.00025428842351658636
6839,0.000675822788135728
6840,1.0818402839093911e-10
6841,1.896609570873511e-12
6842,3.893037200049339e-08
6843,1.5889080578772367e-06
6844,5.889911507786088e-07
6845,7.054017559629524e-06
6846,8.905847522385576e-11
6847,3.497737198541377e-07
6848,1.409347932542868e-09
6849,0.007129446890827509
6850,6.416628503227202e-09
6851,2.2537429413706293e-08
6852,7.37857239479957e-11
6853,9.862718034623596e-11
6854,4.361248176395883e-06
6855,2.8001174643203283e-08
6856,3.2645079381733954e-08
6857,0.0002785685389280908
6858,1.2471491627421427e-05
6859,3.506216777416586e-08
6860,2.620525394963844e-09
6861,2.343958004662478e-07
6862,5.869756459654465e-09
6863,0.04543589606428261
6864,1.3915246420762408e-06
6865,1.7506789191362846e-10
6866,3.284995239505478e-07
6867,9.002639286467419e-11
6868,3.481741780842247e-07
6869,9.107454240921575e-09
6870,0.9950936034774032
6871,3.1160924617457316e-07
6872,8.538527068522643e-08
6873,1.5898927887656307e-06
6874,1.9521328115854175e-06
6875,2.141161725654015e-08
6876,3.0497842746240773e-08
6877,4.258363584303229e-07
6878,2.4241211599179e-08
6879,1.3036589629026624e-08
6880,8.12039933180034e-06
6881,1.8491686072282641e-06
6882,3.397695471002061e-07
6883,3.3420899339601583e-07
6884,0.010860831248770427
6885,1.638212576571897e-05
6886,2.0786659623057888e-08
6887,7.997356514925258e-09
6888,1.3179686669355178e-05
6889,1.5927895206271812e-07
6890,1.689768859721554e-08
6891,0.0014837624646287981
6892,2.0941759767792535e-10
6893,0.8683240892789386
6894,4.912721411418714e-10
6895,7.211274274887956e-06
6896,8.016664073936116e-08
6897,5.477161620373532e-10
6898,2.8565086256147694e-07
6899,2.34190967679387e-08
6900,2.3406338940950038e-08
6901,1.9477898242557287e-06
6902,2.5518849224935085e-08
6903,2.8806148500174096e-07
6904,4.8069698242988795e-05
6905,1.0638181682190242e-07
6906,2.9760671671028595e-08
6907,1.0364573845224795e-07
6908,3.592909508555867e-08
6909,9.56848732413419e-05
6910,1.3914489620661327e-07
6911,4.2032096819123903e-07
6912,3.057112205162603e-08
6913,8.249182210386065e-08
6914,3.05914823787648e-08
6915,3.3674947893744055e-06
6916,1.3499690471527822e-05
6917,9.065533143337728e-09
6918,1.6681396471464444e-08
6919,0.0005171022899995261
6920,1.6703118231906406e-09
6921,5.4285552515080006e-05
6922,1.407927286562634e-07
6923,2.0991589630982765e-05
6924,6.6225976921477e-09
6925,1.5289522743905824e-10
6926,2.1437432943654585e-08
6927,0.8400103500210779
6928,2.936187748595091e-09
6929,0.0001297519958673667
6930,1.261096532165107e-06
6931,1.5611983758259208e-06
6932,3.745548488312058e-07
6933,9.397343996468063e-08
6934,1.3020207942005592e-05
6935,0.0001651747307308042
6936,2.3103034434500318e-05
6937,6.827257838689388e-10
6938,2.381887427214936e-10
6939,2.0186634734036816e-09
6940,1.359326620983382e-09
6941,2.3030210266701067e-09
6942,0.14766535080509025
6943,6.869636981145957e-09
6944,8.397617449659763e-07
6945,1.7839100584514584e-05
6946,1.5068320849996155e-09
6947,3.109317271199488e-08
6948,0.0004393788741213373
6949,5.513686709157958e-07
6950,0.0004309262390646602
6951,1.8122726040371043e-05
6952,4.624747513857377e-08
6953,1.2355879101228656e-11
6954,2.3646431271309484e-08
6955,8.597911550970646e-09
6956,4.1324195789367696e-05
6957,5.3358886369986034e-08
6958,5.449087764116737e-11
6959,3.7751583376213413e-07
6960,0.9169727414735235
6961,1.9140946003709075e-12
6962,1.506754796378218e-06
6963,2.4141935665148582e-06
6964,1.4027169199500325e-10
6965,0.0008851806266035383
6966,1.49794651637122e-06
6967,0.0006749665130880987
6968,1.3491753611667709e-06
6969,8.45643090168977e-06
6970,1.0301088392381029e-05
6971,3.9267371413829386e-10
6972,2.2643129804667746e-07
6973,3.4751132908421025e-08
6974,1.575998000130688e-12
6975,0.0014567633919646758
6976,4.262702889527524e-05
6977,3.120512372842093e-08
6978,2.7401342548075157e-06
6979,5.0466446020760195e-09
6980,0.0003423573658874581
6981,3.8432356362385766e-09
6982,2.0406571275714023e-08
6983,0.00355808415344153
6984,2.1412601359000085e-10
6985,1.3833568021184054e-07
6986,1.360115892831249e-08
6987,1.8060976411388492e-07
6988,0.0016832058681876098
6989,2.904340534381056e-09
6990,1.047161348050833e-09
6991,0.0015939120716374614
6992,7.144827945635453e-07
6993,4.4630696733956e-07
6994,2.637843186322978e-06
6995,1.5016908210709215e-07
6996,1.3017799255460884e-06
6997,6.135677671136961e-10
6998,2.739257686665771e-05
6999,3.8806450196786386e-10
7000,4.393077462927343e-08
7001,6.491126592846728e-07
7002,1.8439494814162545e-07
7003,8.651683708167756e-08
7004,1.9108950856164088e-07
7005,8.28558820203538e-10
7006,3.035785366458249e-06
7007,7.83636763732726e-09
7008,2.12812477323181e-06
7009,1.5270463236242088e-06
7010,1.1159759934124644e-06
7011,7.88738048767968e-09
7012,2.9289225498085337e-05
7013,0.0002473246833493291
7014,5.262373911593563e-09
7015,2.523758851450378e-07
7016,2.9237103847349885e-07
7017,7.138845577428832e-11
7018,5.908684209545564e-08
7019,1.4311165745332344e-05
7020,6.407843992616878e-06
7021,0.4791365637071639
7022,1.5994572111973215e-07
7023,4.597313460875356e-08
7024,4.4169899308156776e-08
7025,4.8266457716408734e-08
7026,2.2746591069243955e-08
7027,3.0682628381161806e-10
7028,1.5217068433332778e-07
7029,1.918485882762232e-07
7030,1.0890046238143597e-09
7031,0.005355843542546641
7032,3.09326165965703e-10
7033,3.64328932566755e-08
7034,8.751057236220153e-06
7035,8.850154205150855e-08
7036,6.403684476312467e-11
7037,8.691793387688283e-05
7038,8.312218407706448e-09
7039,9.902677067042273e-06
7040,1.4509593957356409e-06
7041,0.5614811802021414
7042,4.80934346743795e-05
7043,1.806903728336378e-06
7044,1.1766804336894111e-07
7045,2.074469262267212e-05
7046,3.953171669076061e-08
7047,7.2770819043100255e-09
7048,1.4388374216651028e-09
7049,2.5480979863059224e-06
7050,1.1773954612381425e-08
7051,1.5225811186419819e-06
7052,9.300564346936226e-08
7053,0.0008525326713840759
7054,3.4993266578125625e-10
7055,1.6064078039070576e-07
7056,3.854036459762936e-06
7057,3.8999731833733105e-11
7058,3.340731520627416e-07
7059,2.31099494208698e-06
7060,3.359090071387497e-08
7061,2.8907002653796615e-06
7062,2.065708534748693e-09
7063,6.597229570787668e-06
7064,1.7605667334485824e-06
7065,6.951911079406952e-08
7066,1.450631680670515e-06
7067,5.580040141508549e-10
7068,7.652438799930157e-10
7069,1.9299836707919166e-08
7070,0.0001002328019050977
7071,4.480984858159804e-09
7072,5.956205958014143e-10
7073,6.109689466807589e-07
7074,9.186912558029237e-07
7075,7.260581595413555e-08
7076,1.0650634126685239e-07
7077,2.2421759343898067e-06
7078,5.954668241471461e-10
7079,9.379394512567088e-09
7080,7.070316247354379e-06
7081,3.6244138513616256e-07
7082,0.00026707102579051444
7083,7.293603617250072e-07
7084,1.8900169882324877e-07
7085,4.111142625857536e-09
7086,3.795676432799206e-11
7087,2.6452234099694115e-10
7088,4.757271997391006e-09
7089,7.696205624449546e-07
7090,2.5807235336544966e-07
7091,0.003020881799760156
7092,9.375829958752901e-07
7093,2.0068995912380474e-11
7094,3.1809059081510503e-06
7095,5.8047138006530156e-05
7096,1.2622742727795213e-05
7097,1.971091134094775e-09
7098,3.341281204477755e-07
7099,1.9785487582014736e-05
7100,1.2331696243234098e-08
7101,2.343115825860827e-10
7102,8.454505757450261e-13
7103,4.917302899584223e-06
7104,6.850999345601917e-06
7105,8.92687696416364e-05
7106,4.299848428404935e-05
7107,6.256801685860557e-07
7108,2.7261687314250975e-06
7109,2.1322516391642666e-07
7110,8.336010251644623e-08
7111,1.346813345094237e-06
7112,1.39628412013901e-09
7113,9.299983362161561e-09
7114,1.1356700637207127e-10
7115,9.517455878362062e-07
7116,4.650801749135901e-08
7117,1.2482770520022342e-05
7118,2.6119528958670975e-06
7119,7.589028252026802e-07
7120,1.0289087938365715e-06
7121,5.019746460380942e-09
7122,0.00018639463102897668
7123,0.0005978725806948335
7124,7.763124423280924e-09
7125,1.0045655960461133e-08
7126,4.714020429852309e-12
7127,1.4393628305070212e-07
7128,1.459974046813827e-05
7129,0.0008239973918168306
7130,6.992215440890087e-07
7131,4.5038007940881305e-06
7132,2.9837280637498676e-08
7133,2.916086743883961e-06
7134,1.5056489268914285e-06
7135,3.921751028666444e-08
7136,7.187081328922476e-06
7137,3.0951739731824165e-06
7138,4.2518766491767567e-10
7139,3.1754296942538336e-05
7140,3.383696138102785e-07
7141,1.2867751387967475e-07
7142,7.442894961906229e-08
7143,2.452289072618168e-08
7144,1.1644232558849724e-07
7145,1.516942610240945e-07
7146,4.609296376597095e-09
7147,8.961200936120076e-07
7148,1.766690118744797e-07
7149,9.207017878896434e-12
7150,3.4319154130862703e-06
7151,1.1842436742048956e-06
7152,5.530853897123302e-09
7153,2.507883008786279e-05
7154,7.284735639470794e-10
7155,5.384361847402877e-10
7156,4.2879308314765964e-05
7157,3.55597416122373e-08
7158,4.592310614115891e-08
7159,6.2912545223511555e-09
7160,1.6656443073105708e-10
7161,6.403706508929078e-05
7162,1.311731715646968e-07
7163,8.211695580195613e-06
7164,0.000721211352819713
7165,2.2375603457043824e-09
7166,1.155008637401586e-08
7167,0.0006341864560103517
7168,7.401841770655866e-08
7169,7.922577611264907e-05
7170,6.534892119528679e-09
7171,9.39806006644743e-12
7172,2.1371906864383875e-08
7173,6.623727604142458e-08
7174,4.030879274874463e-06
7175,7.573502408271008e-09
7176,3.5062143226972403e-10
7177,0.0001672530162132892
7178,1.9271802048474604e-06
7179,3.2061024300241138e-09
7180,9.5370124508897e-10
7181,4.4411344276541745e-09
7182,4.381679215620984e-09
7183,6.901176838619488e-09
7184,3.431438135694064e-05
7185,1.2190700714617596e-09
7186,6.042513470113311e-10
7187,0.0006501426496503291
7188,7.006638212649793e-08
7189,0.00014369901245950322
7190,1.2820346821946248e-08
7191,4.771642833177219e-09
7192,2.8681143531475127e-08
7193,7.861196513403264e-08
7194,1.3317066300288291e-09
7195,4.0783379379559884e-05
7196,7.461207974357876e-06
7197,0.00015843780708318011
7198,5.712345381516532e-07
7199,9.937654295881652e-12
7200,7.2852776996069085e-06
7201,4.5065497952866955e-06
7202,2.6162485614989892e-05
7203,0.9986028784210603
7204,7.796654137478083e-08
7205,1.3499178235771668e-08
7206,1.1430310084064234e-09
7207,5.616354833783097e-06
7208,9.705032944744377e-09
7209,1.1333744597657311e-07
7210,5.601750640922359e-10
7211,0.00013345490672643103
7212,7.605194630148752e-10
7213,5.714908587358398e-08
7214,1.333988705240796e-09
7215,7.782134329029402e-10
7216,4.4523931502044e-08
7217,2.9850115803700957e-07
7218,0.00015366815072443115
7219,1.845484623044047e-08
7220,1.2179487950402566e-07
7221,3.881035553957476e-05
7222,4.480846752608497e-07
7223,8.091367628137958e-11
7224,4.066886324386144e-07
7225,9.561078425383219e-05
7226,0.91944409036442
7227,1.3808562358601804e-07
7228,1.2696597047733284e-08
7229,7.191379401894625e-09
7230,3.1423920408324477e-07
7231,3.304239160540578e-05
7232,8.07779767581977e-07
7233,2.0465225124977194e-10
7234,9.296146217438637e-07
7235,5.5033456465304745e-08
7236,1.3576179675745945e-06
7237,4.644307743471177e-10
7238,3.2266381312819486e-07
7239,2.684942874526701e-06
7240,1.9716835761823144e-06
7241,1.287227195105189e-09
7242,4.8364316232618645e-06
7243,0.0009003421316349455
7244,9.582337898876828e-10
7245,1.6920595907153608e-06
7246,1.4592571825132877e-07
7247,5.986642091894944e-11
7248,1.1692174770534841e-06
7249,1.3453703063517683e-06
7250,2.757995850590989e-07
7251,8.48052065340286e-09
7252,3.082337443410911e-08
7253,7.661787948138304e-06
7254,1.2193170442948104e-09
7255,0.0005089652072079123
7256,0.09179445196591211
7257,5.680201711364385e-06
7258,1.5249204384342401e-10
7259,0.8938971897753254
7260,2.894566774530877e-09
7261,0.2792827134229523
7262,0.0001140082885833534
7263,0.02537330831631121
7264,9.914811507417925e-09
7265,4.7131953802425e-08
7266,4.262790271488625e-10
7267,6.773715042563774e-11
7268,6.127214382650489e-08
7269,5.381421703907805e-07
7270,3.608238875793419e-07
7271,9.39886091366401e-10
7272,0.00010223119176910495
7273,1.6800202643697665e-08
7274,2.6566313869508366e-05
7275,6.538188252777804e-08
7276,7.426312762507777e-11
7277,2.4019211495611964e-06
7278,2.9945361152611412e-06
7279,9.747209551117904e-09
7280,3.6530249011156143e-11
7281,1.2159772054513012e-10
7282,6.369414956653074e-06
7283,3.862160210443738e-09
7284,4.570677704267355e-08
7285,6.213194668433318e-06
7286,3.3362042435655555e-07
7287,2.5530780389193277e-08
7288,4.29224281983638e-08
7289,1.0070981492141237e-08
7290,2.361263107758074e-07
7291,2.5668804650152022e-05
7292,5.221188058507044e-10
7293,4.48797461375582e-09
7294,1.079330675373016e-07
7295,1.8557599828707033e-08
7296,3.5687786899332713e-07
7297,2.3318384289216138e-08
7298,7.596043605792999e-08
7299,2.4477801801077584e-09
7300,7.657274170962263e-09
7301,3.385259510917598e-09
7302,1.8719398211789778e-10
7303,2.995824504533852e-09
7304,0.27789779044825746
7305,2.5357343579143185e-09
7306,1.8870518105063024e-09
7307,3.1734375043888524e-08
7308,3.7130026514909617e-06
7309,4.558107771828162e-07
7310,5.566036516640465e-11
7311,1.3900829334275856e-10
7312,7.612462811725305e-08
7313,9.631405529968154e-11
7314,5.9269714732552076e-09
7315,5.986788314355992e-12
7316,4.269827544557328e-08
7317,2.3714998781780992e-07
7318,5.706189217349027e-10
7319,2.3523460753942034e-08
7320,2.5495837022311607e-07
7321,2.4776769213606552e-11
7322,3.0180648113893666e-10
7323,0.0009076701288556786
7324,0.002855299556823257
7325,1.598711062019256e-08
7326,3.976900902030609e-05
7327,3.8645594804457214e-05
7328,1.0777676795887879e-07
7329,5.982366384902847e-09
7330,3.613312679678374e-06
7331,1.837037588288237e-07
7332,8.880262608830243e-10
7333,8.096637276098501e-06
7334,1.5450585695271186e-08
7335,1.4729707293899633e-09
7336,1.041666958942287e-05
7337,8.182379906397768e-09
7338,0.8384529964195238
7339,1.0018336855315706e-06
7340,2.532436014224461e-12
7341,1.1580207604311128e-08
7342,5.377827098932882e-07
7343,0.1520104996209494
7344,4.3095314595676205e-07
7345,1.8647538958206092e-08
7346,4.2073548241933115e-10
7347,8.891322113527401e-05
7348,6.19323122468139e-07
7349,1.2145650964088057e-05
7350,0.00033883732734248464
7351,3.990886325852274e-06
7352,4.770026273087944e-09
7353,4.306350758373609e-09
7354,0.0025326004104038605
7355,6.931906560731517e-10
7356,1.1004856610149644e-06
7357,2.046306265047903e-09
7358,5.851217510445527e-08
7359,4.867985753093185e-10
7360,5.397374169257052e-06
7361,3.5184610282969812e-09
7362,6.041227048794334e-06
7363,0.004035290499690223
7364,1.2957411783650615e-08
7365,4.4503242968150794e-10
7366,7.031966601098604e-06
7367,1.7206132770253356e-10
7368,2.828629114911794e-11
7369,1.7696023001224556e-06
7370,7.159525372191566e-09
7371,1.425926689046552e-06
7372,4.3086297857069465e-08
7373,6.71183568351121e-08
7374,2.527201222608651e-10
7375,1.039589082474878e-06
7376,0.0009153504683204741
7377,2.856643487622277e-07
7378,2.039380313004481e-09
7379,1.4750491932426869e-09
7380,4.0600012746573775e-06
7381,1.0584496140473173e-11
7382,2.0250672165257135e-06
7383,1.6077954333965777e-08
7384,4.103628024214675e-08
7385,8.16404906232668e-09
7386,3.2616641329439667e-10
7387,1.4499870576997249e-09
7388,2.5707002380742402e-08
7389,4.0108530148536465e-07
7390,1.2214173633145131e-06
7391,2.8257767685909816e-07
7392,5.8298932308051764e-08
7393,0.0051532215706144805
7394,1.7264582305703536e-10
7395,5.308691885860658e-08
7396,3.104729101314149e-08
7397,0.10571583628600392
7398,0.00988063883168854
7399,1.8644612323629164e-11
7400,2.628122178092953e-07
7401,5.894907029181312e-08
7402,2.3290192556478926e-07
7403,1.171024963405622e-06
7404,9.168500785530904e-08
7405,1.65363006991485e-05
7406,6.679018338908544e-12
7407,5.474239945752558e-06
7408,3.7505595052766494e-07
7409,6.281292064458862e-10
7410,6.849545398679019e-05
7411,1.181387815131564e-09
7412,3.472990225872995e-05
7413,8.409630652873983e-05
7414,2.6933794254959207e-09
7415,2.8426942941732004e-07
7416,1.7486420659507668e-08
7417,1.8641106360114434e-07
7418,0.1194986300684768
7419,3.376972615170649e-10
7420,1.350252022154372e-06
7421,8.007113619501245e-10
7422,6.500455341239695e-05
7423,1.911042568416366e-05
7424,7.432835455910097e-08
7425,1.0739203450659386e-06
7426,6.465033114546887e-07
7427,4.9975150996266104e-05
7428,9.36205999385564e-09
7429,5.295482545990643e-09
7430,1.621246245358396e-08
7431,4.740446400585178e-09
7432,1.7041410335158924e-09
7433,4.8215626263957654e-08
7434,6.745298126095038e-07
7435,2.510764811952582e-09
7436,0.006840319094444301
7437,2.6770009202222253e-05
7438,9.717402816361767e-10
7439,2.04356614687974e-05
7440,1.1899376133373176e-07
7441,2.3628228220627957e-11
7442,1.5626405138401888e-07
7443,4.108803695302401e-08
7444,6.671130369295649e-10
7445,6.071702941552314e-05
7446,0.03704341057675786
7447,9.586457611366834e-08
7448,1.4678127883196257e-06
7449,0.07713091668340748
7450,7.124377112382962e-07
7451,5.1649891236484345e-09
7452,2.1249288790222096e-06
7453,0.0001687293646501166
7454,1.011948297362728e-07
7455,8.246648240348228e-06
7456,0.0001344916921189273
7457,2.9592905875442157e-05
7458,8.887735606256006e-08
7459,1.1348771215557568e-08
7460,0.07197280577268728
7461,4.746146009607568e-07
7462,0.007464541074402977
7463,3.056503013298713e-08
7464,2.7182347177344755e-06
7465,7.154999221992733e-07
7466,2.00159630253931e-06
7467,0.02395104509501227
7468,8.856428967763407e-05
7469,1.8536440102974215e-08
7470,7.169743016827139e-09
7471,3.201074564754231e-09
7472,1.686803664154705e-08
7473,8.170307260305645e-08
7474,5.278356548816795e-06
7475,4.367075724624572e-09
7476,2.0124372255742486e-12
7477,9.27943349799147e-09
7478,3.459573484443946e-06
7479,1.9684696166506663e-08
7480,2.1851234831263876e-09
7481,5.794742642646082e-09
7482,4.046064781324852e-06
7483,2.597213875634571e-10
7484,0.0009642117909438695
7485,4.120453792677643e-05
7486,7.767981999703563e-10
7487,6.145361859833526e-07
7488,0.07903007876877906
7489,2.1285550148364053e-09
7490,2.415154087077009e-07
7491,1.8205930818665574e-07
7492,1.74653207508424e-07
7493,7.41975037431521e-10
7494,0.00011054131601017393
7495,7.430444128672642e-10
7496,0.0025144645453355247
7497,3.2512024319946393e-09
7498,5.80443558290255e-06
7499,5.148729329401881e-07
7500,0.0003975839960024074
7501,8.528147979585462e-08
7502,2.126361177463134e-08
7503,2.4991303388847464e-08
7504,1.5154575389190179e-09
7505,2.6468924414600694e-10
7506,2.692086582736746e-10
7507,3.364632310558341e-07
7508,0.00020820145007023356
7509,1.1270823212973089e-08
7510,1.859044100773389e-05
7511,1.175679468712613e-10
7512,1.4961214866495682e-07
7513,1.7077255182852547e-06
7514,2.3507214858204914e-08
7515,3.032950267543928e-07
7516,1.4591043972477184e-11
7517,2.5214329541992615e-09
7518,6.738746809078863e-07
7519,0.014255300090548742
7520,1.7660241672860475e-07
7521,3.5822729450091354e-12
7522,0.001299416840589981
7523,1.5812135936103576e-10
7524,0.0003048544533432707
7525,3.933185939152874e-08
7526,2.6399015773175134e-05
7527,6.671178619162302e-08
7528,0.006810926415882557
7529,3.8181030995921936e-10
7530,3.722786678241287e-05
7531,1.1542030149673513e-05
7532,1.5023099575311018e-09
7533,7.059687002644025e-08
7534,2.709753623396074e-07
7535,1.021492588920239e-09
7536,0.38085375798275695
7537,9.505392720699379e-05
7538,6.472494817637308e-08
7539,1.661282653774409e-08
7540,1.7217644107110415e-08
7541,2.9679097119628897e-10
7542,2.146633152052754e-07
7543,7.1194149511329395e-09
7544,0.00045513704740185863
7545,1.7502189494969193e-08
7546,3.6618246469592476e-07
7547,6.73627492490109e-11
7548,1.0238485596606024e-06
7549,6.600198747026675e-05
7550,3.462384252339953e-05
7551,0.00022913549638741007
7552,5.5375734631625515e-05
7553,1.0150400837880104e-08
7554,6.412601318526179e-07
7555,5.421145620454229e-11
7556,3.0656702080093483e-07
7557,7.0352035150939536e-09
7558,4.512556363378512e-05
7559,6.447865642538914e-05
7560,3.525956857520083e-10
7561,1.8820680953840828e-08
7562,4.6253707178786757e-10
7563,1.3439452599736372e-07
7564,5.9476153783266456e-08
7565,7.91436629912121e-09
7566,7.473497356921567e-09
7567,6.960715339334e-11
7568,3.91362505585478e-12
7569,1.388981251445168e-06
7570,3.180910411244269e-09
7571,1.7410503474675682e-07
7572,3.903829943833957e-08
7573,9.253404334948156e-10
7574,7.7813875995818e-06
7575,0.0009010174854535335
7576,0.00014608509763732851
7577,3.0664617884865014e-05
7578,0.00010966283080599431
7579,5.782264279454763e-10
7580,1.934546762317257e-06
7581,2.1828271614702885e-09
7582,5.8897602487802676e-08
7583,4.153575532192147e-11
7584,1.111992460832512e-06
7585,7.202835042367834e-08
7586,3.9087824162374765e-10
7587,0.00024390445554543463
7588,0.09518520054104629
7589,1.8843605335624505e-07
7590,2.461417313463631e-06
7591,1.8440656995058204e-10
7592,1.4966192139489765e-10
7593,7.711555783096202e-11
7594,0.00011649705604981412
7595,6.414022482719224e-08
7596,1.7202013236057288e-06
7597,2.9415317406433104e-07
7598,2.8169289584951054e-09
7599,1.891704027653296e-09
7600,6.387059204837296e-07
7601,3.8014691577866e-09
7602,4.220614073056958e-06
7603,3.262846775620852e-07
7604,5.082627401714054e-08
7605,1.1169864297472752e-06
7606,8.011325761531322e-11
7607,7.139438261898749e-07
7608,3.0964416476693955e-07
7609,1.0996692436228516e-07
7610,0.13895398337997528
7611,1.3472175909316823e-05
7612,0.010385240286633119
7613,4.411431977203834e-05
7614,1.2915707630240025e-08
7615,2.1734979406295155e-10
7616,2.274503045093506e-11
7617,1.974317077895017e-05
7618,8.449662258444087e-09
7619,1.132420316299031e-06
7620,1.6446147426528646e-09
7621,1.3867255770926615e-06
7622,1.3641461831532798e-05
7623,2.551325539913493e-07
7624,1.322387509665876e-06
7625,0.00010285687438228268
7626,1.042504149612649e-08
7627,1.4599532793117366e-09
7628,2.8777108563080014e-09
7629,2.4171096373193547e-09
7630,0.3490077092433275
7631,5.291728452197083e-07
7632,6.841250976914818e-06
7633,1.8692299478322612e-10
7634,0.09641421064455256
7635,2.988419297152729e-11
7636,0.0007158680427634507
7637,9.062159477223153e-08
7638,9.304717741063299e-10
7639,1.713433106727728e-07
7640,7.505082442032632e-07
7641,0.019253236229376976
7642,8.683460704048125e-09
7643,5.879741378406011e-06
7644,3.5348293630465485e-07
7645,1.634775363228738e-09
7646,0.0002133362624925685
7647,2.121768564228485e-09
7648,6.3171813439121546e-06
7649,2.778104332219151e-10
7650,0.0013249846800519618
7651,6.105111422266629e-08
7652,4.77274792912368e-06
7653,6.632163038463207e-08
7654,1.8397621110365877e-08
7655,8.56088892223394e-09
7656,5.294020778946612e-09
7657,0.0016635228379534635
7658,3.5334135894316885e-08
7659,6.084127597413858e-08
7660,5.565578781104341e-07
7661,1.8462322508360451e-09
7662,3.930843000479674e-10
7663,1.3617219818202365e-10
7664,3.424418911011182e-09
7665,4.494842283090578e-07
7666,2.6868918637427444e-07
7667,1.5312424332209996e-09
7668,2.7487952948461266e-07
7669,1.1220689295731282e-06
7670,1.3760607675370077e-08
7671,5.396883139997701e-07
7672,1.1742380303884378e-08
7673,2.456111992326543e-07
7674,0.00012310300564937854
7675,0.9974675399970148
7676,2.1284893698965795e-07
7677,2.7369459924664575e-08
7678,1.2354335937501729e-08
7679,2.652528348752659e-09
7680,4.522916234413603e-07
7681,5.174693695055009e-07
7682,1.7412881101110992e-05
7683,1.9154665007558429e-07
7684,1.9120460175606257e-06
7685,1.924617076415141e-06
7686,4.298913822176018e-09
7687,9.928162423740833e-08
7688,1.0381501367495683e-07
7689,2.3227478953354326e-07
7690,0.0028701356309300233
7691,3.3420545143393424e-09
7692,0.007371313145134828
7693,3.879562180177438e-10
7694,3.999352190634629e-09
7695,2.2743871117613618e-09
7696,4.1998395330153517e-11
7697,1.6726541091857998e-06
7698,2.2103891614654747e-06
7699,2.3747306865845832e-06
7700,1.1816628491431312e-09
7701,0.00024063927063768437
7702,9.504865307682954e-09
7703,3.720789932846163e-07
7704,4.0621528019407417e-07
7705,0.0008713631517886745
7706,1.9059706619899576e-11
7707,8.219323039015048e-08
7708,5.407793794710025e-09
7709,0.0001103414602998913
7710,9.031860687673432e-05
7711,2.4225848133903474e-08
7712,2.313476452955627e-06
7713,4.668352393612125e-08
7714,4.2496513152203545e-07
7715,0.00013228964001997293
7716,4.313078265290456e-11
7717,4.71635091769239e-09
7718,2.8943614501026696e-09
7719,1.1645452898400807e-09
7720,4.755653321575278e-06
7721,1.0028306054000675e-07
7722,7.40671282330462e-06
7723,0.00029245720595304583
7724,2.6315270069857516e-06
7725,2.022577426378927e-06
7726,0.00010544492184136479
7727,3.3847221770689903e-06
7728,0.33614851659343387
7729,0.0013829711946823967
7730,1.815844845938379e-08
7731,1.3136843501611485e-05
7732,3.6729411906116863e-11
7733,5.6200446484990016e-09
7734,1.253076323376676e-07
7735,4.9179611999571766e-05
7736,1.3048023226585782e-06
7737,8.421621992941048e-08
7738,9.451876504834387e-08
7739,3.081779165390185e-09
7740,9.395397730639462e-09
7741,1.217615941557546e-07
7742,4.060632223367665e-09
7743,2.8554680289307305e-06
7744,1.7387280753485657e-09
7745,7.402844438410788e-06
7746,1.9222343867917764e-08
7747,3.8922469970630524e-07
7748,0.0005082474604837217
7749,3.463511210770794e-09
7750,4.305591863234223e-08
7751,1.0399635507813766e-07
7752,1.8332862678016857e-09
7753,1.7666486962526254e-06
7754,5.426824376472119e-05
7755,1.0439361405583564e-06
7756,1.8112453088138889e-09
7757,3.620230378886483e-06
7758,1.881490159175627e-07
7759,9.534128172776243e-09
7760,1.9939648900061188e-06
7761,0.0005773998224014355
7762,2.6661802155979967e-05
7763,2.5213247071258637e-08
7764,7.342361233287363e-06
7765,8.456618876397861e-08
7766,3.1125591900587636e-07
7767,1.0653714443748577e-05
7768,8.665243354250084e-06
7769,4.460100390255449e-08
7770,0.130605950173748
7771,1.2407083202773485e-07
7772,2.053280138497592e-08
7773,8.034955938789073e-11
7774,1.5243511919136718e-06
7775,1.7053905015608826e-09
7776,1.102693239844982e-08
7777,1.7677563711530648e-09
7778,4.390936487749602e-08
7779,1.080581844283576e-05
7780,9.963353820086627e-05
7781,2.3870811444876153e-05
7782,0.00018525098393071005
7783,6.360012414636198e-09
7784,1.684105789794183e-08
7785,1.8803539849455006e-10
7786,8.820662243428165e-09
7787,2.379784198742727e-05
7788,1.9237924542015206e-06
7789,1.5769153605205028e-09
7790,0.06588035628943018
7791,0.0008684221719810929
7792,1.9501487027002194e-09
7793,4.366339766505661e-07
7794,0.001278086758771671
7795,9.97789232851673e-07
7796,7.093401020242719e-09
7797,5.841601507206692e-09
7798,1.3785593711057337e-08
7799,1.5393485543422474e-08
7800,5.80581936185489e-11
7801,0.0002541147295318676
7802,8.629794408701701e-08
7803,2.850324101817169e-08
7804,8.009962733918313e-07
7805,7.766996928282814e-06
7806,1.2063348627882415e-05
7807,1.202333349342933e-07
7808,1.7580360057091128e-10
7809,5.595890321991162e-08
7810,2.827049945123572e-10
7811,4.82497574071665e-09
7812,7.511374094700039e-08
7813,3.2598536041812536e-09
7814,4.382730471516281e-12
7815,2.4098934297544914e-05
7816,9.780292846722517e-09
7817,2.5256502469179787e-09
7818,8.378447221627514e-11
7819,1.9021321816654737e-09
7820,2.910477384014926e-11
7821,6.249430385197353e-06
7822,1.2050051367593918e-08
7823,5.431618296344396e-09
7824,8.069593550661858e-10
7825,1.4442138921082372e-07
7826,4.24028827097718e-10
7827,4.407057687864668e-06
7828,1.2372771915286173e-05
7829,0.0015795406876547842
7830,0.0010315028474557752
7831,0.0004212261104447274
7832,2.6688068314719756e-05
7833,1.442516950769606e-10
7834,1.7973599781460496e-05
7835,1.2613213192754784e-10
7836,1.1267873619298843e-07
7837,1.5697001215078322e-11
7838,2.1737629139128224e-10
7839,6.638580771847721e-07
7840,2.41364310538242e-09
7841,4.958392824884204e-09
7842,4.0246276864985045e-06
7843,1.174117385861717e-09
7844,9.35338455619777e-09
7845,1.2879583017511061e-10
7846,3.882131938206248e-05
7847,0.6531632648369469
7848,1.0182725967722145e-07
7849,1.8219493784274582e-10
7850,7.015023202510513e-08
7851,2.1480702866185618e-11
7852,9.943596999446014e-08
7853,4.217589023266963e-05
7854,1.063267636642599e-07
7855,3.5365223378196782e-09
7856,1.0337839668786343e-07
7857,3.9177395820974305e-11
7858,6.0857857497255355e-06
7859,9.483255099659911e-09
7860,1.9162398505308712e-08
7861,0.0003112521293274621
7862,5.165276486530689e-10
7863,7.897055918603021e-06
7864,1.0301445851075244e-08
7865,0.0029298080586337718
7866,1.0884202703457265e-06
7867,1.9535704455019798e-08
7868,1.488350482399853e-08
7869,8.901106505542375e-05
7870,4.145495372748711e-10
7871,3.503331173618168e-05
7872,3.3003086882077823e-07
7873,1.1664871503800993e-08
7874,1.9396000426858223e-10
7875,3.6497221699175248e-09
7876,6.691576488476831e-07
7877,3.980543859845342e-09
7878,2.8231941572553555e-07
7879,4.171597789183853e-08
7880,7.337865643678265e-11
7881,0.9981242082126291
7882,2.1556175457734247e-05
7883,0.00037811172228451484
7884,2.2285072284614423e-06
7885,4.887231245604471e-07
7886,6.267723613378174e-06
7887,1.720243234211232e-07
7888,1.2045746981343165e-11
7889,1.4723698182779897e-11
7890,1.1485664914492543e-10
7891,7.147385559684952e-08
7892,6.08023252783467e-07
7893,0.7976162985563462
7894,0.00023579847637608683
7895,1.0558735860436193e-08
7896,3.5168807757589284e-07
7897,2.180085522799761e-08
7898,1.5176386043928458e-07
7899,2.7362660432413e-08
7900,3.4120599022718e-08
7901,2.589128372458205e-09
7902,7.950119998015095e-12
7903,1.7138712015692096e-09
7904,8.721093286922121e-09
7905,5.642006552627661e-05
7906,2.059421317353529e-06
7907,1.0718989308025014e-07
7908,6.363268518963825e-07
7909,3.8341583640611285e-06
7910,1.7033052125874713e-07
7911,8.777012338348305e-09
7912,2.1326326843035084e-08
7913,3.815147807985671e-10
7914,1.2923594243789119e-08
7915,1.0390326000480833e-06
7916,1.5475437639457632e-07
7917,2.1913922320110516e-05
7918,2.8645794555788918e-08
7919,3.181546570854449e-08
7920,9.63339881154729e-07
7921,7.741920919652529e-08
7922,7.113719875044842e-10
7923,9.134366829167413e-10
7924,0.0008132291307552707
7925,5.975477734477167e-08
7926,2.3209775475791378e-07
7927,1.2761958765888987e-09
7928,1.1775111534063335e-07
7929,6.920136610985507e-08
7930,2.7227594822030897e-09
7931,3.656258352103847e-10
7932,3.5176055748080807e-07
7933,4.451088598297007e-08
7934,0.004159365941229639
7935,7.196957116767256e-11
7936,0.01754885958309668
7937,2.411147979666383e-06
7938,0.00207163798758415
7939,1.1389841521664913e-09
7940,4.3417240872694125e-06
7941,7.336266203559446e-07
7942,1.1427737878690031e-09
7943,9.227560450564552e-08
7944,5.279555222639563e-09
7945,0.9963474863750406
7946,1.3353398011168745e-08
7947,7.361700623727422e-08
7948,6.415640188906778e-10
7949,2.1763510540844195e-09
7950,3.462504361724422e-08
7951,1.4994029107963287e-08
7952,6.667180481643925e-07
7953,0.0001537924613308878
7954,1.313795382261674e-10
7955,5.473081437649232e-08
7956,3.970969605721082e-10
7957,3.028118906973349e-06
7958,9.10096704242154e-11
7959,4.483099411090326e-10
7960,2.386285620039631e-09
7961,5.972879488555107e-09
7962,9.95983658179361e-07
7963,2.118087489359013e-09
7964,1.6586366340058468e-05
7965,0.1004993172978258
7966,2.5141703862875404e-08
7967,7.892533137634792e-06
7968,2.4415995980707293e-10
7969,4.95901968008718e-09
7970,1.8290090315980462e-08
7971,4.4167129659188514e-08
7972,8.644194630231574e-09
7973,3.490052398065322e-07
7974,2.3964997365762345e-06
7975,1.0352652837485431e-10
7976,7.958830838118654e-10
7977,1.332958381947329e-07
7978,6.487115473079977e-06
7979,7.273343434312069e-10
7980,1.8325237889927424e-05
7981,7.234934397726454e-08
7982,1.0940361261478283e-05
7983,3.7174729513036814e-09
7984,0.0007701016662881641
7985,3.447195502620944e-08
7986,1.9215222361553768e-07
7987,0.0002981582273860562
7988,4.061552806713593e-07
7989,1.8367696653998867e-06
7990,9.494577556369023e-09
7991,1.976166490009972e-07
7992,1.0453447658564965e-07
7993,2.0055219237921584e-09
7994,0.0001323192548183636
7995,4.264010674358212e-05
7996,3.889804431227339e-06
7997,2.5128367830116186e-05
7998,9.137086886960354e-12
7999,1.582596840592942e-06
8000,8.24679687257519e-06
